temperatur,0
healthier,1
erupt,2
macroeconom,3
saga,4
mizen,5
explicit,6
prp,7
flatter,8
remedi,9
issu,10
impetu,11
bidder,12
bean,13
competitor,14
panel,15
amidst,16
moder,17
millennium,18
environment,19
arisen,20
localis,21
quo,22
tomorrow,23
extraordinarili,24
eri,25
reportedli,26
substant,27
turkey,28
pound,29
mortgagor,30
greater,31
forum,32
bear,33
charg,34
peak,35
ant,36
ceil,37
fsb,38
dichotomi,39
travel,40
intragroup,41
station,42
saw,43
itali,44
bailout,45
experienc,46
believ,47
facil,48
statutori,49
autom,50
chang,51
shorthand,52
disappear,53
departur,54
psncr,55
partner,56
unsurpris,57
uncommon,58
monolin,59
staf,60
quot,61
majesti,62
deepen,63
counti,64
strike,65
outdoor,66
stimuli,67
repay,68
catalyst,69
undergon,70
break,71
gloomi,72
outward,73
worker,74
withdrawn,75
mira,76
unrealist,77
simplifi,78
vast,79
stanc,80
send,81
struggl,82
extrem,83
deadlin,84
sixteen,85
coeffici,86
congress,87
young,88
commenc,89
backdrop,90
fre,91
nhbc,92
monopsoni,93
nic,94
foresaw,95
suffici,96
deeper,97
resurg,98
supervis,99
equiti,100
spare,101
desir,102
categori,103
close,104
recruit,105
unskil,106
supplementari,107
inclement,108
malaysia,109
carousel,110
born,111
upbeat,112
underfund,113
unilater,114
incom,115
riski,116
shield,117
experiment,118
arrest,119
correctli,120
stoke,121
random,122
interrupt,123
final,124
bilateralexchang,125
looser,126
plate,127
duplic,128
nigeria,129
cours,130
roughli,131
arbitrari,132
elli,133
overcom,134
evenli,135
ineffici,136
bradstreet,137
mayca,138
plateau,139
footwear,140
appreci,141
stockhold,142
interconnect,143
prepay,144
peripheri,145
settl,146
elus,147
technolog,148
reporthighlight,149
redenomin,150
pot,151
involuntarili,152
gc,153
greek,154
monetarypolici,155
minima,156
societi,157
adapt,158
major,159
match,160
interplay,161
grappl,162
oilfield,163
heal,164
mortgag,165
compens,166
dissuad,167
archiv,168
ved,169
seeker,170
jobcentr,171
arrang,172
clean,173
emir,174
tri,175
court,176
primarili,177
slide,178
symptomat,179
valu,180
cluster,181
credibl,182
commonli,183
elabor,184
ectr,185
regress,186
adher,187
detriment,188
slightli,189
abolish,190
hicp,191
ministri,192
suspens,193
vice,194
leather,195
shown,196
quarterli,197
lynch,198
undershoot,199
tpi,200
acut,201
choke,202
macroeconomi,203
fraction,204
unanticip,205
collabor,206
recognis,207
balgzand,208
detail,209
utilis,210
hill,211
broker,212
underscor,213
incompat,214
reverber,215
earli,216
secondari,217
offici,218
sluggishli,219
dri,220
univers,221
anchor,222
swollen,223
crunch,224
nonetheless,225
visibl,226
counterparti,227
comment,228
beyond,229
short,230
cbi,231
scandal,232
profil,233
relax,234
ambigu,235
land,236
fdi,237
shock,238
gap,239
inact,240
track,241
smuggl,242
eurodollar,243
netherland,244
davi,245
sole,246
mildli,247
steadili,248
incentivis,249
cyclon,250
babi,251
staff,252
bigger,253
sharehold,254
cost,255
transact,256
unregul,257
ring,258
stunt,259
surg,260
continu,261
reveal,262
explan,263
foodstuff,264
treasuri,265
leav,266
differenti,267
upsw,268
respiratori,269
repo,270
burden,271
payout,272
ask,273
fiscal,274
instanc,275
chain,276
locu,277
tougher,278
orderli,279
unspectacular,280
gva,281
newer,282
prescript,283
darker,284
instruct,285
theaugust,286
charta,287
broken,288
aircraft,289
quarter,290
achiev,291
mask,292
stagnat,293
poll,294
dealog,295
pressur,296
uniformli,297
portion,298
queen,299
contractionari,300
outnumb,301
alloc,302
deleverag,303
retail,304
magnitud,305
richard,306
due,307
account,308
overwhelm,309
accuraci,310
devon,311
irregular,312
aspect,313
chequ,314
treat,315
view,316
cross,317
interconnected,318
slaughterhous,319
cliff,320
foot,321
german,322
exuber,323
sporad,324
greec,325
none,326
robustli,327
uniqu,328
creation,329
cautious,330
efsr,331
setter,332
sar,333
readili,334
consolid,335
full,336
abolit,337
destruct,338
inherit,339
lay,340
plung,341
evolut,342
swung,343
partli,344
time,345
iraq,346
gift,347
polic,348
occurr,349
complex,350
moribund,351
placement,352
discuss,353
markup,354
bright,355
counter,356
counterproduct,357
disproportion,358
advers,359
rent,360
mismeasur,361
canada,362
resurfac,363
bolster,364
money,365
mobil,366
prescott,367
comov,368
inaugur,369
ict,370
sooner,371
warn,372
drought,373
smmt,374
diamond,375
dimens,376
joiner,377
affirm,378
throughout,379
postpon,380
liaison,381
nh,382
unit,383
catalogu,384
slower,385
jobseek,386
coffe,387
concern,388
outer,389
exit,390
tidi,391
scenario,392
questionnair,393
oper,394
region,395
posit,396
must,397
unpreced,398
unconnect,399
tini,400
cohort,401
explicitli,402
straight,403
longer,404
inappropri,405
venezuela,406
interrel,407
plu,408
output,409
fell,410
reportdiscuss,411
keen,412
conven,413
overdraft,414
frequent,415
stanford,416
temporarili,417
knew,418
intensifi,419
discretionari,420
convincingli,421
unusu,422
leap,423
brighten,424
barrier,425
unpaid,426
credit,427
repossess,428
legaci,429
pertin,430
pull,431
turnaround,432
web,433
impervi,434
simul,435
untouch,436
delay,437
unemploy,438
ibe,439
jobless,440
jubile,441
arrear,442
depreci,443
stockbuild,444
soyabean,445
blunt,446
util,447
beneficiari,448
act,449
main,450
wide,451
includ,452
drawback,453
strategi,454
inferior,455
traine,456
spiral,457
suppli,458
impend,459
dissolut,460
judgment,461
self,462
requir,463
succe,464
colleagu,465
skew,466
novemberreport,467
brent,468
downgrad,469
willing,470
display,471
prescrib,472
custom,473
michigan,474
clue,475
patient,476
timelin,477
uncov,478
stockton,479
housemov,480
diffus,481
valuabl,482
coupl,483
attribut,484
loos,485
premium,486
liabil,487
drift,488
incorrect,489
retard,490
likeliest,491
spawn,492
lightli,493
deflationari,494
merger,495
persuad,496
focal,497
telephon,498
visual,499
finish,500
increasingli,501
negoti,502
chocol,503
diversif,504
payment,505
forefront,506
amount,507
tail,508
taxpay,509
stigmatis,510
eve,511
mandat,512
ltcm,513
author,514
submit,515
inaccur,516
seh,517
forthcom,518
preserv,519
bullion,520
style,521
precautionari,522
record,523
ukrain,524
tv,525
theecb,526
unforeseen,527
automobil,528
competit,529
inadvert,530
intact,531
possess,532
exchang,533
deliveri,534
branch,535
accord,536
remit,537
intim,538
sensibl,539
garment,540
till,541
evolv,542
reportsuggest,543
age,544
unsatisfi,545
confound,546
unwilling,547
hbf,548
draft,549
inflat,550
propon,551
luck,552
crude,553
british,554
sound,555
extend,556
accumul,557
teller,558
unwarr,559
dearer,560
creep,561
evidenc,562
fertilis,563
elig,564
monetari,565
plant,566
hemispher,567
roof,568
deploy,569
junctur,570
foreclos,571
persist,572
capit,573
irish,574
layout,575
notifi,576
durat,577
creditworthi,578
histori,579
room,580
regul,581
sight,582
tabloid,583
consequ,584
medium,585
shanghai,586
irrevers,587
repeatedli,588
latin,589
sort,590
prioriti,591
unsustain,592
realis,593
motor,594
ir,595
publish,596
item,597
websit,598
packag,599
higher,600
warrant,601
fruit,602
formal,603
preliminari,604
trust,605
lubric,606
paid,607
overstimul,608
coin,609
gravel,610
twin,611
underst,612
everyon,613
mispric,614
haven,615
badli,616
repercuss,617
hover,618
investor,619
better,620
rupiah,621
design,622
roll,623
ownership,624
broad,625
brick,626
dwarf,627
health,628
point,629
meanwhil,630
last,631
content,632
energi,633
viabil,634
airport,635
head,636
riskless,637
awaken,638
overhead,639
moneyfact,640
transient,641
remov,642
eiu,643
collat,644
indonesian,645
milder,646
report,647
sharpest,648
jolt,649
fuller,650
confeder,651
registr,652
capitalis,653
aluminium,654
bare,655
tōhoku,656
breach,657
penalti,658
fractur,659
zeebrugg,660
emiss,661
onset,662
bore,663
sea,664
inquiri,665
shortag,666
reloc,667
spill,668
abus,669
oppos,670
acceler,671
certain,672
addit,673
modif,674
rest,675
peg,676
faster,677
review,678
auction,679
bhp,680
ensu,681
judgement,682
heatwav,683
toler,684
bomb,685
googl,686
kindl,687
hedg,688
inhibit,689
dj,690
interdepend,691
nikkei,692
dsr,693
implement,694
signific,695
reset,696
prompt,697
exce,698
execut,699
heavier,700
switzerland,701
fact,702
ribbon,703
notif,704
june,705
horizon,706
textil,707
undesir,708
poultri,709
makeup,710
neg,711
experian,712
tier,713
outperform,714
shift,715
failur,716
encount,717
distant,718
otherwis,719
similar,720
unobserv,721
freed,722
impli,723
thing,724
interim,725
devast,726
improb,727
error,728
creat,729
recommend,730
elect,731
tighter,732
kind,733
associ,734
minimum,735
saudi,736
foreclosur,737
board,738
deferr,739
expenditur,740
crowd,741
agreement,742
reiter,743
nie,744
daili,745
homeown,746
lacklustr,747
deregul,748
die,749
welfar,750
disloc,751
boj,752
news,753
chines,754
morn,755
reform,756
sourc,757
accredit,758
southern,759
plan,760
unexpect,761
unplan,762
homebuild,763
repair,764
chiefli,765
manufactur,766
quickli,767
correct,768
clear,769
surplus,770
healthi,771
recov,772
disincent,773
suitabl,774
endors,775
novca,776
residenti,777
crimin,778
guard,779
idiosyncrat,780
principl,781
human,782
riskiest,783
countercycl,784
pent,785
annuiti,786
director,787
pricewaterhousecoop,788
decil,789
calcul,790
transfer,791
pictori,792
halifax,793
banknot,794
pork,795
familiar,796
quadrant,797
nottingham,798
lack,799
confront,800
outcom,801
fastest,802
constitut,803
disburs,804
averag,805
stay,806
candid,807
contrari,808
refer,809
domin,810
dome,811
heat,812
thirti,813
episod,814
worldwid,815
regener,816
save,817
theful,818
dgi,819
aim,820
popul,821
marconi,822
upon,823
reportwould,824
tactic,825
qualiti,826
realiti,827
certif,828
overpredict,829
top,830
fault,831
structur,832
stockpil,833
baton,834
graviti,835
orang,836
reporthav,837
rpi,838
away,839
vehicl,840
ipd,841
pcp,842
downturn,843
consist,844
window,845
shelter,846
histogram,847
benchmark,848
lead,849
satellit,850
offer,851
seven,852
backlog,853
parmalat,854
disturb,855
unpublish,856
billion,857
week,858
straightforward,859
madrid,860
stem,861
afghanistan,862
system,863
latest,864
tradeabl,865
declar,866
manner,867
occasion,868
intermediari,869
capac,870
employ,871
longest,872
best,873
mccafferti,874
warmer,875
default,876
withstand,877
reflect,878
arabian,879
grade,880
line,881
complic,882
rich,883
calibr,884
solow,885
buoyant,886
policyhold,887
seventh,888
bind,889
asdiscussedinrecentreport,890
scrap,891
warehous,892
immedi,893
presid,894
portray,895
subscript,896
shipment,897
pollut,898
id,899
survey,900
cultur,901
macroprudenti,902
cre,903
england,904
discern,905
lion,906
basel,907
sovereign,908
oftel,909
surveyha,910
stimulatori,911
trendssurvey,912
cumul,913
countervail,914
kerosen,915
auditor,916
trend,917
safer,918
imag,919
blue,920
nearer,921
backward,922
healthili,923
irretriev,924
panacea,925
overtim,926
measur,927
impot,928
demand,929
narrowest,930
outlet,931
abroad,932
restat,933
tltro,934
area,935
ulc,936
seemingli,937
denmark,938
farmer,939
forbear,940
penetr,941
damag,942
ventur,943
cc,944
uprat,945
dark,946
herald,947
sticki,948
versu,949
accustom,950
reportssinc,951
recreat,952
grant,953
vii,954
count,955
cipd,956
gaug,957
sdr,958
bank,959
articl,960
stringent,961
coher,962
administr,963
reader,964
revenu,965
behaviour,966
held,967
empir,968
brought,969
generalis,970
wil,971
proposit,972
think,973
industri,974
decis,975
order,976
unrel,977
disguis,978
pilot,979
dearth,980
wet,981
thousand,982
fuel,983
pact,984
uv,985
accrual,986
expect,987
betweenjuli,988
seller,989
closer,990
annex,991
discov,992
guidanc,993
vi,994
buttherewasconsiderableuncertaintyaround,995
occup,996
pwc,997
somewher,998
lot,999
mention,1000
citizen,1001
singl,1002
microprudenti,1003
psnb,1004
accordingli,1005
chart,1006
capita,1007
south,1008
know,1009
index,1010
scentral,1011
polit,1012
petrol,1013
opinion,1014
avail,1015
undertak,1016
elev,1017
exclus,1018
categoris,1019
outputto,1020
aftermath,1021
significantli,1022
lift,1023
advanc,1024
comprehens,1025
warm,1026
situat,1027
spongiform,1028
reporton,1029
transport,1030
instantli,1031
spectrum,1032
counteract,1033
detect,1034
benefici,1035
februari,1036
leas,1037
avers,1038
apart,1039
nudg,1040
shallow,1041
feedback,1042
tight,1043
greatest,1044
intent,1045
opec,1046
discourag,1047
privat,1048
base,1049
auto,1050
globe,1051
tripl,1052
greatli,1053
nuclear,1054
prove,1055
prioritis,1056
score,1057
larg,1058
distort,1059
mode,1060
overrecord,1061
firm,1062
phenomenon,1063
bit,1064
territori,1065
licenc,1066
tenfold,1067
across,1068
buffet,1069
deter,1070
arabia,1071
hypothet,1072
gyrat,1073
holder,1074
unresolv,1075
bankrupt,1076
extraordinari,1077
replac,1078
initi,1079
supplier,1080
vat,1081
return,1082
wedg,1083
grid,1084
reap,1085
decumul,1086
hospit,1087
numer,1088
norway,1089
aggreg,1090
regular,1091
nois,1092
reduct,1093
concept,1094
touch,1095
today,1096
raft,1097
ctc,1098
sent,1099
compar,1100
rural,1101
decim,1102
problemat,1103
materi,1104
cpiy,1105
nigerian,1106
governingcouncil,1107
remuner,1108
women,1109
jgb,1110
simplic,1111
counsel,1112
generalpric,1113
risen,1114
explic,1115
unravel,1116
cipfa,1117
iranian,1118
accru,1119
synchron,1120
extent,1121
russian,1122
italian,1123
copper,1124
superior,1125
abruptli,1126
mainli,1127
servic,1128
uneven,1129
contempl,1130
alreadi,1131
ultim,1132
bretton,1133
relationship,1134
ingrain,1135
enjoy,1136
augment,1137
quintil,1138
atlant,1139
air,1140
purpl,1141
dealership,1142
interview,1143
softer,1144
sandi,1145
progress,1146
repaid,1147
settlement,1148
retent,1149
lpc,1150
teacher,1151
distinct,1152
co,1153
mandatori,1154
tsunami,1155
research,1156
modernis,1157
fair,1158
loaf,1159
doubl,1160
dollar,1161
fear,1162
rebas,1163
kpmg,1164
variabl,1165
dti,1166
motiv,1167
far,1168
subcompon,1169
diversifi,1170
longev,1171
gave,1172
english,1173
mix,1174
cheapli,1175
scrappag,1176
reclassifi,1177
accur,1178
commun,1179
exhibit,1180
hardwar,1181
unreli,1182
reportgiven,1183
steadi,1184
evalu,1185
depth,1186
post,1187
respect,1188
reviv,1189
rita,1190
icc,1191
help,1192
overst,1193
bad,1194
shape,1195
closest,1196
commod,1197
simpl,1198
sixti,1199
deriv,1200
command,1201
revolutionis,1202
devot,1203
leisur,1204
airflow,1205
inconclus,1206
divisia,1207
interv,1208
wari,1209
divis,1210
absenc,1211
resal,1212
tast,1213
exercis,1214
regain,1215
ooh,1216
els,1217
manag,1218
pbr,1219
tool,1220
messag,1221
identifi,1222
perpetr,1223
rank,1224
downward,1225
registri,1226
misconstru,1227
modifi,1228
strong,1229
innov,1230
unbalanc,1231
tendenc,1232
subsid,1233
arguabl,1234
therein,1235
topic,1236
predict,1237
collar,1238
fee,1239
game,1240
contract,1241
circul,1242
im,1243
syndrom,1244
rundown,1245
cater,1246
recoup,1247
stick,1248
outstand,1249
decemb,1250
moodi,1251
text,1252
eastern,1253
wto,1254
hong,1255
anim,1256
eighth,1257
unfold,1258
reporta,1259
febril,1260
infer,1261
viabl,1262
union,1263
band,1264
either,1265
collaps,1266
link,1267
mainten,1268
compil,1269
quantif,1270
friendli,1271
humbersid,1272
carrier,1273
mid,1274
lesson,1275
success,1276
lens,1277
allevi,1278
solut,1279
ds,1280
io,1281
worn,1282
per,1283
follow,1284
cautiou,1285
procur,1286
financ,1287
revalu,1288
peripher,1289
altogeth,1290
involuntari,1291
choos,1292
conceptu,1293
belong,1294
conductor,1295
flood,1296
rock,1297
convinc,1298
summit,1299
verizon,1300
disaggreg,1301
resolv,1302
alon,1303
rememb,1304
diagram,1305
dental,1306
remortgag,1307
bankruptci,1308
consult,1309
ppi,1310
surviv,1311
nlw,1312
subtl,1313
jeopardis,1314
eme,1315
bedroom,1316
swiss,1317
hit,1318
argument,1319
imperfect,1320
homemov,1321
fix,1322
scarcer,1323
particular,1324
mere,1325
fewer,1326
colour,1327
scarciti,1328
descript,1329
refin,1330
squar,1331
sr,1332
hardest,1333
volcano,1334
separ,1335
raw,1336
appetit,1337
preval,1338
featur,1339
accommod,1340
immigr,1341
flip,1342
hurrican,1343
unrepres,1344
brighter,1345
european,1346
actuari,1347
outlier,1348
baltic,1349
redesign,1350
coverag,1351
ftse,1352
reserv,1353
toy,1354
unseason,1355
extra,1356
merg,1357
total,1358
promot,1359
overreact,1360
vacanc,1361
enron,1362
rehir,1363
predat,1364
knockout,1365
fepi,1366
overinvest,1367
timeli,1368
turmoil,1369
summaris,1370
size,1371
tradit,1372
shed,1373
trajectori,1374
windermer,1375
reportproject,1376
dun,1377
reconstruct,1378
leak,1379
ill,1380
north,1381
ni,1382
timeliest,1383
mori,1384
invers,1385
compel,1386
prohibit,1387
happi,1388
unalt,1389
fta,1390
sanguin,1391
malfeas,1392
sign,1393
holman,1394
payback,1395
right,1396
authoris,1397
conform,1398
argu,1399
pare,1400
anomali,1401
dislodg,1402
overplay,1403
bt,1404
thirteen,1405
ric,1406
sequenc,1407
prefer,1408
passiv,1409
monday,1410
latterli,1411
inequ,1412
fast,1413
respons,1414
bug,1415
world,1416
driven,1417
lotteri,1418
twenti,1419
celebratori,1420
landscap,1421
sugar,1422
dissip,1423
refund,1424
outright,1425
intraday,1426
pessimist,1427
invit,1428
uruguay,1429
reaction,1430
rotat,1431
spars,1432
elimin,1433
diseas,1434
ascertain,1435
spark,1436
divest,1437
segment,1438
britain,1439
undevelop,1440
underpr,1441
rebal,1442
afield,1443
chose,1444
retain,1445
tackl,1446
reportargu,1447
observ,1448
unrespons,1449
won,1450
libya,1451
onuk,1452
mispercept,1453
timer,1454
anyway,1455
locog,1456
relief,1457
cbl,1458
cope,1459
shadow,1460
overemphasis,1461
counterpart,1462
combin,1463
latter,1464
strain,1465
norm,1466
upset,1467
essenti,1468
qualifi,1469
equat,1470
freez,1471
type,1472
telecommun,1473
divert,1474
year,1475
disinfl,1476
headwind,1477
tenth,1478
petroleum,1479
repurchas,1480
insuffici,1481
subsequ,1482
pay,1483
serv,1484
miner,1485
arbitrag,1486
outlin,1487
squeez,1488
root,1489
widow,1490
subsidis,1491
hew,1492
juxtaposit,1493
fog,1494
indemn,1495
flash,1496
barrel,1497
shall,1498
perfect,1499
french,1500
discontinu,1501
barker,1502
cereal,1503
leaver,1504
alsoappear,1505
allow,1506
show,1507
threat,1508
ltd,1509
microeconometr,1510
mexican,1511
onstream,1512
grey,1513
stimulu,1514
speak,1515
dismiss,1516
learnt,1517
quicker,1518
unlock,1519
sector,1520
overli,1521
deplet,1522
bondhold,1523
internet,1524
furnish,1525
odpm,1526
buyer,1527
creditor,1528
remaind,1529
flatlin,1530
nmg,1531
retrench,1532
richer,1533
collater,1534
amplitud,1535
constraint,1536
slacken,1537
straightaway,1538
consum,1539
unbias,1540
gener,1541
reli,1542
kuwait,1543
combat,1544
weapon,1545
governor,1546
draw,1547
rebuild,1548
curb,1549
insofar,1550
classifi,1551
windfal,1552
salari,1553
net,1554
funer,1555
fulfil,1556
swiftli,1557
borrow,1558
pattern,1559
phenomen,1560
asid,1561
mac,1562
label,1563
law,1564
green,1565
iea,1566
byu,1567
hamper,1568
contagion,1569
workplac,1570
man,1571
eight,1572
render,1573
lti,1574
confin,1575
reward,1576
obr,1577
sharpli,1578
flag,1579
underspend,1580
quantifi,1581
action,1582
renew,1583
taxonomi,1584
abnorm,1585
buoyanc,1586
flight,1587
ideal,1588
section,1589
interlinkag,1590
reportar,1591
intellig,1592
globalis,1593
afterward,1594
asian,1595
congression,1596
underemploy,1597
niño,1598
knowledg,1599
creator,1600
slowdown,1601
client,1602
confer,1603
pointer,1604
buyback,1605
anytim,1606
subtract,1607
brazil,1608
caus,1609
fed,1610
store,1611
composit,1612
receiv,1613
petit,1614
debtlin,1615
debat,1616
advis,1617
slowli,1618
sensit,1619
eman,1620
preced,1621
column,1622
assess,1623
minu,1624
defenc,1625
autumn,1626
rental,1627
supplement,1628
agent,1629
decimalis,1630
represent,1631
minimis,1632
simplif,1633
deduct,1634
particularli,1635
inch,1636
meantim,1637
wherea,1638
provid,1639
predominantli,1640
prune,1641
la,1642
compulsori,1643
deepli,1644
treasur,1645
chariti,1646
ninth,1647
industrialis,1648
wrote,1649
guid,1650
pocket,1651
continent,1652
govern,1653
remain,1654
lcr,1655
much,1656
criteria,1657
ramif,1658
trough,1659
cyclic,1660
launch,1661
expertis,1662
di,1663
career,1664
mirror,1665
poorli,1666
medic,1667
corrobor,1668
journal,1669
caution,1670
redund,1671
pharmaceut,1672
deflat,1673
tankan,1674
lf,1675
pathfind,1676
gone,1677
encapsul,1678
transplant,1679
jump,1680
wish,1681
pool,1682
bodi,1683
wealthier,1684
risk,1685
jpmorgan,1686
interpol,1687
galloway,1688
surround,1689
scotland,1690
premia,1691
birth,1692
successor,1693
rec,1694
sewerag,1695
citigroup,1696
mutual,1697
fight,1698
referendum,1699
reportsthat,1700
result,1701
within,1702
vigour,1703
curtail,1704
mexico,1705
ceas,1706
boost,1707
misplac,1708
obstacl,1709
psbr,1710
northern,1711
committe,1712
carri,1713
reactiv,1714
brisk,1715
easier,1716
nascent,1717
speci,1718
npish,1719
deloitt,1720
presenc,1721
enact,1722
revert,1723
thornton,1724
databank,1725
cashback,1726
costlessli,1727
wors,1728
unguarante,1729
tender,1730
reliant,1731
ensur,1732
amid,1733
cd,1734
liais,1735
fleet,1736
parliamentari,1737
engag,1738
household,1739
attitud,1740
abl,1741
reportuk,1742
precipit,1743
anglia,1744
harvey,1745
coven,1746
instabl,1747
clearli,1748
opportun,1749
goodwil,1750
almost,1751
wale,1752
rectif,1753
slope,1754
specif,1755
euler,1756
empt,1757
wast,1758
great,1759
median,1760
deficit,1761
schedul,1762
propens,1763
amongst,1764
unif,1765
carpet,1766
predictor,1767
shorten,1768
quarterlyindustri,1769
underrepres,1770
avenu,1771
slump,1772
geopolit,1773
libor,1774
idbr,1775
underlay,1776
emigr,1777
besid,1778
dumfri,1779
alter,1780
prefix,1781
electron,1782
theori,1783
upwardli,1784
nationwid,1785
demonstr,1786
unwant,1787
overcapac,1788
nervous,1789
ireland,1790
reliabl,1791
anyth,1792
illeg,1793
steepli,1794
smallcap,1795
wheat,1796
uplift,1797
blame,1798
load,1799
oecd,1800
establish,1801
danger,1802
excis,1803
expiri,1804
rice,1805
someon,1806
difficulti,1807
space,1808
eia,1809
bund,1810
inde,1811
nobodi,1812
rebuilt,1813
veget,1814
niip,1815
outweigh,1816
scar,1817
liquid,1818
freezer,1819
cloth,1820
symmetri,1821
oversight,1822
water,1823
electr,1824
bequeath,1825
cane,1826
moreov,1827
disput,1828
thicker,1829
explanatori,1830
lie,1831
drove,1832
complement,1833
attach,1834
embark,1835
unionis,1836
legitim,1837
exploit,1838
restructur,1839
alik,1840
noth,1841
brunt,1842
bar,1843
acknowledg,1844
norfolk,1845
modest,1846
iran,1847
albeit,1848
pdf,1849
unsur,1850
mail,1851
deepest,1852
reportfor,1853
develop,1854
overshot,1855
steepen,1856
fire,1857
relatedli,1858
complet,1859
workforc,1860
dwindl,1861
frailti,1862
rate,1863
export,1864
without,1865
unstabl,1866
physic,1867
ago,1868
bridg,1869
likewis,1870
de,1871
side,1872
wr,1873
supervisor,1874
bonus,1875
reassess,1876
diverg,1877
cancel,1878
paralymp,1879
capabl,1880
low,1881
unalloc,1882
conceal,1883
membership,1884
dip,1885
soya,1886
liabl,1887
profound,1888
unus,1889
inter,1890
vigil,1891
unrest,1892
sum,1893
foster,1894
bilater,1895
convert,1896
look,1897
uwc,1898
effici,1899
feel,1900
heard,1901
pipe,1902
previou,1903
peso,1904
restor,1905
australian,1906
indirect,1907
tranch,1908
reportwhich,1909
agenc,1910
realist,1911
red,1912
underw,1913
distributor,1914
minut,1915
lilac,1916
statement,1917
forese,1918
allot,1919
media,1920
sens,1921
exert,1922
spring,1923
phrase,1924
thaw,1925
reclaim,1926
onu,1927
summer,1928
ec,1929
oscil,1930
directli,1931
impedi,1932
maximum,1933
basix,1934
setback,1935
succeed,1936
consecut,1937
milk,1938
tradabl,1939
undiminish,1940
request,1941
oil,1942
unexpectedli,1943
ii,1944
via,1945
darkest,1946
reportshav,1947
indebted,1948
housebuild,1949
backdat,1950
se,1951
reapprais,1952
contemporan,1953
cip,1954
outbreak,1955
minist,1956
easi,1957
breakdown,1958
split,1959
surpass,1960
cpi,1961
ascrib,1962
absorpt,1963
build,1964
inflationreport,1965
traffic,1966
climb,1967
stumbl,1968
versa,1969
declin,1970
straightforwardli,1971
tepid,1972
revisit,1973
uncertain,1974
occupi,1975
comfort,1976
certainti,1977
spillov,1978
widen,1979
platform,1980
interchang,1981
withdrew,1982
korean,1983
array,1984
amplifi,1985
redistribut,1986
licens,1987
renter,1988
home,1989
need,1990
subsum,1991
legisl,1992
delinqu,1993
bcc,1994
suit,1995
dimension,1996
ridg,1997
keenli,1998
repatri,1999
complianc,2000
gentli,2001
flat,2002
underestim,2003
furthermor,2004
japan,2005
educ,2006
tracker,2007
nichola,2008
centuri,2009
immin,2010
popular,2011
therebi,2012
fill,2013
thwart,2014
core,2015
onlin,2016
evid,2017
microdata,2018
intensif,2019
gulf,2020
event,2021
ppf,2022
spread,2023
charter,2024
readi,2025
famili,2026
retire,2027
miss,2028
vein,2029
atrophi,2030
tap,2031
imbal,2032
serial,2033
offic,2034
equilibrium,2035
stake,2036
analyt,2037
disinflationari,2038
buzzard,2039
advertis,2040
pnfc,2041
bequest,2042
disast,2043
insecur,2044
audio,2045
instig,2046
drag,2047
accomplish,2048
stori,2049
presum,2050
linger,2051
foreign,2052
necessari,2053
focu,2054
obviat,2055
mother,2056
struck,2057
yuan,2058
institut,2059
gold,2060
syndic,2061
replic,2062
plenti,2063
toward,2064
unaffect,2065
entrant,2066
subcategori,2067
horizont,2068
profess,2069
ppp,2070
issuanc,2071
unschedul,2072
vulner,2073
street,2074
mindset,2075
aaa,2076
given,2077
coupon,2078
suffer,2079
tabl,2080
costli,2081
pursu,2082
statu,2083
row,2084
tumbl,2085
fresh,2086
timet,2087
weight,2088
gloomier,2089
phase,2090
anticip,2091
effort,2092
becom,2093
irrespect,2094
budget,2095
hotel,2096
heterogen,2097
spike,2098
patchili,2099
adjac,2100
plough,2101
late,2102
inspect,2103
difficult,2104
economis,2105
wj,2106
understand,2107
stall,2108
reportconsid,2109
reportand,2110
microeconom,2111
tenur,2112
thrust,2113
chime,2114
stoxx,2115
unsettl,2116
procedur,2117
beig,2118
past,2119
bottom,2120
china,2121
conclus,2122
process,2123
wftc,2124
bonu,2125
mfr,2126
costlier,2127
happen,2128
ntc,2129
similarli,2130
gateway,2131
cpih,2132
scale,2133
hiatu,2134
pink,2135
detr,2136
ef,2137
zero,2138
half,2139
excess,2140
wtc,2141
gfk,2142
lag,2143
erm,2144
regim,2145
frustrat,2146
protein,2147
interest,2148
apprais,2149
period,2150
senior,2151
keep,2152
polici,2153
locat,2154
larger,2155
rail,2156
crise,2157
reviewnot,2158
strengthen,2159
abund,2160
upheav,2161
futur,2162
aviat,2163
forego,2164
object,2165
preparatori,2166
attenu,2167
iron,2168
shorter,2169
drive,2170
imperfectli,2171
wed,2172
mmr,2173
underperform,2174
imposs,2175
aei,2176
extract,2177
hous,2178
exposur,2179
dispens,2180
brisker,2181
epidem,2182
incent,2183
presidenti,2184
appli,2185
threshold,2186
level,2187
slowest,2188
bite,2189
wax,2190
frequenc,2191
ceb,2192
conjunct,2193
inaccuraci,2194
recent,2195
reduc,2196
contractor,2197
exchequ,2198
foundat,2199
face,2200
multipli,2201
protract,2202
necessarili,2203
underrepresent,2204
inelig,2205
mark,2206
poor,2207
crept,2208
subsect,2209
pump,2210
vix,2211
idea,2212
day,2213
profit,2214
care,2215
behind,2216
supervisori,2217
cspi,2218
thereof,2219
pend,2220
favour,2221
undershot,2222
stamp,2223
countrysid,2224
entitl,2225
counterbalanc,2226
monitor,2227
materialis,2228
delic,2229
heavi,2230
virtuou,2231
resembl,2232
shrank,2233
abandon,2234
haircut,2235
comput,2236
suspect,2237
atm,2238
caixin,2239
shortli,2240
transitori,2241
paus,2242
quickest,2243
strive,2244
arabl,2245
compos,2246
temporari,2247
enter,2248
proportion,2249
growth,2250
strongest,2251
tourist,2252
surfac,2253
journey,2254
hour,2255
basic,2256
sa,2257
unfavour,2258
rather,2259
rpiy,2260
caveat,2261
systemat,2262
incorpor,2263
nmw,2264
forecast,2265
somewhat,2266
implaus,2267
switch,2268
formerli,2269
turn,2270
chief,2271
fifteen,2272
slip,2273
termin,2274
corn,2275
polish,2276
hundr,2277
determin,2278
priceratio,2279
question,2280
built,2281
serious,2282
pace,2283
presag,2284
breakeven,2285
anxiou,2286
specialist,2287
taken,2288
student,2289
overshadow,2290
spur,2291
host,2292
agricultur,2293
auster,2294
pervers,2295
unincorpor,2296
commerc,2297
provis,2298
amend,2299
constant,2300
rival,2301
chanc,2302
overestim,2303
drink,2304
orient,2305
hypothes,2306
economistdollar,2307
parti,2308
overleverag,2309
reject,2310
iod,2311
aris,2312
euribor,2313
rig,2314
sometim,2315
signpost,2316
perceiv,2317
strateg,2318
straban,2319
neither,2320
uptrend,2321
explor,2322
benefit,2323
elicit,2324
spate,2325
robust,2326
attract,2327
lock,2328
sit,2329
exhaust,2330
jobsi,2331
call,2332
brand,2333
swap,2334
unab,2335
set,2336
element,2337
dispar,2338
counterfactu,2339
lbg,2340
margin,2341
task,2342
interbank,2343
mute,2344
accentu,2345
overrid,2346
play,2347
network,2348
divers,2349
supermarket,2350
scottish,2351
rare,2352
award,2353
unchang,2354
vital,2355
round,2356
equalis,2357
vigor,2358
likelihood,2359
thought,2360
machin,2361
transmit,2362
practic,2363
legal,2364
iceland,2365
local,2366
fragil,2367
eros,2368
manpow,2369
inclus,2370
thin,2371
unreport,2372
parliament,2373
theunit,2374
concentr,2375
yet,2376
joint,2377
unoccupi,2378
pursuit,2379
summari,2380
mtic,2381
profession,2382
steadier,2383
chemic,2384
advisori,2385
crystallis,2386
axi,2387
direct,2388
markit,2389
swing,2390
thepresid,2391
wider,2392
freight,2393
liberalis,2394
cloud,2395
choic,2396
meet,2397
remark,2398
wit,2399
introduc,2400
global,2401
crucial,2402
energyintens,2403
proof,2404
wear,2405
articul,2406
inform,2407
ahead,2408
freddi,2409
inflationreportproject,2410
activ,2411
repres,2412
scheme,2413
overspend,2414
suscept,2415
feasibl,2416
convent,2417
obviou,2418
fitch,2419
drew,2420
gad,2421
refineri,2422
satisfi,2423
gentl,2424
yen,2425
standard,2426
stricter,2427
swath,2428
disorderli,2429
dedic,2430
agre,2431
stocktak,2432
contractu,2433
residu,2434
eurostat,2435
want,2436
loan,2437
mainstay,2438
tariff,2439
decomposit,2440
fomc,2441
reportwil,2442
admittedli,2443
retrospect,2444
weekli,2445
stymi,2446
outgo,2447
suppress,2448
six,2449
hasten,2450
await,2451
enhanc,2452
logist,2453
foregon,2454
automat,2455
quarri,2456
resign,2457
shake,2458
communiqué,2459
necessit,2460
contain,2461
annual,2462
conting,2463
overlap,2464
incorrectli,2465
rapidli,2466
seriou,2467
council,2468
emptiv,2469
hostil,2470
neighbour,2471
partial,2472
qualit,2473
estim,2474
buy,2475
mouth,2476
grew,2477
economist,2478
bia,2479
relianc,2480
myriad,2481
hm,2482
eighteen,2483
curv,2484
ration,2485
caricatur,2486
fli,2487
function,2488
tone,2489
subset,2490
reabsorb,2491
sudan,2492
bovin,2493
approach,2494
cell,2495
primari,2496
analog,2497
intra,2498
turnbul,2499
spurt,2500
truste,2501
poland,2502
cbp,2503
refocu,2504
king,2505
case,2506
era,2507
eurozon,2508
nervou,2509
conflict,2510
inth,2511
ap,2512
surpris,2513
childcar,2514
foreshadow,2515
defer,2516
deep,2517
livestock,2518
linear,2519
unnecessari,2520
deterior,2521
word,2522
jone,2523
brown,2524
undrawn,2525
arriv,2526
causal,2527
alert,2528
zloti,2529
ofi,2530
corner,2531
hing,2532
anxieti,2533
bb,2534
envelop,2535
sharp,2536
anaem,2537
broader,2538
insight,2539
demutualis,2540
strength,2541
alcohol,2542
cup,2543
ethanol,2544
mile,2545
andjanuari,2546
reviewshow,2547
rule,2548
tick,2549
cheaper,2550
advantag,2551
walk,2552
inject,2553
modestli,2554
entri,2555
applic,2556
geograph,2557
unlik,2558
ordin,2559
dividend,2560
telecom,2561
stark,2562
prolong,2563
signifi,2564
gradual,2565
unfil,2566
overstat,2567
chamber,2568
shut,2569
condit,2570
classic,2571
gallup,2572
tax,2573
collect,2574
mpc,2575
start,2576
exceed,2577
bias,2578
hangov,2579
shiller,2580
sunk,2581
bargain,2582
misjudg,2583
singapor,2584
churn,2585
meaning,2586
subject,2587
percentag,2588
sponsor,2589
aggrav,2590
increas,2591
indexlink,2592
absolut,2593
diminish,2594
fisheri,2595
analysi,2596
symptom,2597
weaken,2598
contact,2599
classif,2600
reorient,2601
kristin,2602
middl,2603
work,2604
firmer,2605
centrica,2606
romania,2607
vote,2608
peter,2609
rescu,2610
restrain,2611
cheap,2612
reportto,2613
instil,2614
cypru,2615
file,2616
hsbc,2617
lessen,2618
weigh,2619
reinforc,2620
czech,2621
annum,2622
trip,2623
undistribut,2624
bounc,2625
coincid,2626
analys,2627
america,2628
juli,2629
paper,2630
shrunk,2631
earliest,2632
regard,2633
decor,2634
celebr,2635
iva,2636
ad,2637
aspir,2638
notic,2639
dtlr,2640
waiv,2641
weak,2642
nearli,2643
supplant,2644
deposit,2645
spite,2646
forti,2647
watch,2648
unconstrain,2649
brexit,2650
fuell,2651
wait,2652
crop,2653
fundament,2654
adopt,2655
pickup,2656
emphasi,2657
brief,2658
usual,2659
enough,2660
importantli,2661
attempt,2662
invest,2663
workload,2664
ian,2665
underpredict,2666
reconsid,2667
biofuel,2668
stress,2669
sophist,2670
engin,2671
march,2672
ttwa,2673
rebalanc,2674
percent,2675
taxfinanc,2676
satisfactori,2677
aquart,2678
techniqu,2679
begun,2680
layoff,2681
magazin,2682
rigid,2683
penc,2684
reportwa,2685
somehow,2686
kitchen,2687
frozen,2688
next,2689
feedstuff,2690
visa,2691
necess,2692
drop,2693
obtain,2694
hypothesi,2695
younger,2696
claim,2697
safe,2698
disentangl,2699
unprofit,2700
met,2701
imprud,2702
unrevis,2703
headcount,2704
particip,2705
characteris,2706
monopoli,2707
big,2708
rise,2709
encompass,2710
parallel,2711
mount,2712
lender,2713
steel,2714
commerci,2715
reassur,2716
incur,2717
confid,2718
wholli,2719
characterist,2720
part,2721
plaster,2722
nash,2723
unnecessarili,2724
mislead,2725
present,2726
cotton,2727
read,2728
rejoin,2729
propel,2730
coldest,2731
sterl,2732
volum,2733
machineri,2734
insul,2735
percept,2736
unavail,2737
york,2738
remitt,2739
teeth,2740
harbing,2741
substanti,2742
handl,2743
wash,2744
width,2745
sought,2746
uk,2747
revers,2748
christma,2749
divorc,2750
ban,2751
answer,2752
labor,2753
near,2754
dissav,2755
ran,2756
print,2757
valid,2758
overal,2759
levi,2760
brother,2761
occur,2762
will,2763
reintroduct,2764
bacton,2765
memori,2766
paramount,2767
department,2768
ofifa,2769
tropic,2770
sever,2771
address,2772
mild,2773
interpret,2774
hall,2775
yearli,2776
bush,2777
doubt,2778
iower,2779
properli,2780
fr,2781
hand,2782
omt,2783
contrast,2784
domest,2785
stream,2786
yield,2787
perman,2788
flexibl,2789
upcom,2790
suspend,2791
horticultur,2792
baker,2793
underutilis,2794
fillip,2795
weather,2796
regulatori,2797
uncertainti,2798
statistician,2799
lull,2800
emerg,2801
buoy,2802
invad,2803
generos,2804
soundli,2805
judg,2806
nevertheless,2807
appear,2808
tightli,2809
disrupt,2810
hourli,2811
youth,2812
worldcom,2813
underleverag,2814
releas,2815
trader,2816
thirteenth,2817
propag,2818
japanes,2819
cull,2820
corpor,2821
busi,2822
carpent,2823
halt,2824
postal,2825
endur,2826
apf,2827
approv,2828
surplu,2829
upsid,2830
assign,2831
life,2832
unambigu,2833
percentil,2834
expir,2835
infrastructur,2836
dwell,2837
access,2838
fallback,2839
inadequ,2840
un,2841
conduct,2842
ofa,2843
model,2844
rel,2845
unspent,2846
bypass,2847
ignit,2848
rainfal,2849
countriesthat,2850
securitis,2851
nearest,2852
iter,2853
exact,2854
wherebi,2855
lend,2856
eb,2857
liver,2858
jeopardi,2859
number,2860
therefor,2861
drain,2862
kong,2863
letter,2864
rein,2865
around,2866
entrepreneur,2867
impass,2868
valuat,2869
dent,2870
sharper,2871
sustain,2872
cover,2873
ignor,2874
pois,2875
field,2876
storabl,2877
harp,2878
referenc,2879
easili,2880
beveridg,2881
weaker,2882
underpin,2883
propos,2884
sheet,2885
contin,2886
technic,2887
oversea,2888
rose,2889
pecuniari,2890
enrol,2891
children,2892
ih,2893
regross,2894
compon,2895
maff,2896
leverag,2897
neutral,2898
diesel,2899
mist,2900
found,2901
shutdown,2902
constantli,2903
feder,2904
farmgat,2905
atlanta,2906
resum,2907
weakli,2908
regrad,2909
certainli,2910
support,2911
ofgem,2912
trigger,2913
endow,2914
beforehand,2915
cash,2916
detach,2917
graphic,2918
exclud,2919
entail,2920
fish,2921
mi,2922
describ,2923
aros,2924
screen,2925
equal,2926
ofinfl,2927
labour,2928
notwithstand,2929
prototyp,2930
cannot,2931
redeploy,2932
arab,2933
april,2934
enterpris,2935
reporthad,2936
mine,2937
pertain,2938
prudenti,2939
pathway,2940
owner,2941
adjust,2942
datastream,2943
underway,2944
centr,2945
taiwan,2946
snowfal,2947
compli,2948
term,2949
nineti,2950
auxiliari,2951
gather,2952
ampl,2953
doctor,2954
fade,2955
bse,2956
newli,2957
underplay,2958
ccl,2959
momentum,2960
indonesia,2961
policymak,2962
migratori,2963
cut,2964
patchi,2965
overpay,2966
noc,2967
bellweth,2968
markedli,2969
upgrad,2970
laid,2971
randomli,2972
pick,2973
later,2974
thrown,2975
indefinit,2976
acced,2977
opportunist,2978
stage,2979
afford,2980
outflow,2981
citat,2982
improv,2983
claw,2984
consid,2985
footbal,2986
non,2987
maker,2988
countri,2989
prematur,2990
receipt,2991
nasdaq,2992
actual,2993
pre,2994
tharp,2995
unfortun,2996
predecessor,2997
euroyen,2998
rpix,2999
adequaci,3000
downwardli,3001
mind,3002
maiz,3003
civil,3004
gdp,3005
dictat,3006
faculti,3007
tighten,3008
indymac,3009
impact,3010
priori,3011
precaut,3012
blow,3013
publicli,3014
iii,3015
ft,3016
militari,3017
infrequ,3018
form,3019
franc,3020
shale,3021
midway,3022
derail,3023
bracket,3024
investig,3025
expos,3026
subsector,3027
cfo,3028
underus,3029
seek,3030
updat,3031
interven,3032
brake,3033
vintag,3034
user,3035
migrant,3036
reportwer,3037
bi,3038
fraud,3039
eef,3040
potenti,3041
tpr,3042
though,3043
provision,3044
unadjust,3045
elsewher,3046
nation,3047
impart,3048
transit,3049
rebound,3050
obvious,3051
individu,3052
encouragingli,3053
port,3054
definit,3055
alaska,3056
restaur,3057
ineffect,3058
nearbi,3059
databas,3060
person,3061
factor,3062
static,3063
cusp,3064
stifl,3065
pipelin,3066
enlarg,3067
annualis,3068
misalloc,3069
counterbal,3070
bid,3071
frontier,3072
migrat,3073
unwelcom,3074
catastroph,3075
awe,3076
typic,3077
wealthi,3078
class,3079
impress,3080
moment,3081
homeownership,3082
pronounc,3083
facilit,3084
whole,3085
lost,3086
trade,3087
floor,3088
london,3089
site,3090
lump,3091
lawyer,3092
nurs,3093
unclear,3094
inher,3095
challeng,3096
ism,3097
sub,3098
reunif,3099
imposit,3100
idl,3101
subsidiari,3102
threefold,3103
date,3104
uneasili,3105
aerospac,3106
trace,3107
appar,3108
monthli,3109
previous,3110
conserv,3111
india,3112
seri,3113
whatev,3114
smaller,3115
stabil,3116
quit,3117
normalis,3118
rationalis,3119
current,3120
cold,3121
plot,3122
exploratori,3123
announc,3124
zinc,3125
use,3126
asset,3127
outlay,3128
compound,3129
sell,3130
upturn,3131
restart,3132
landlord,3133
pervas,3134
length,3135
night,3136
enquiri,3137
destabilis,3138
tanker,3139
cap,3140
simpli,3141
earner,3142
press,3143
persuas,3144
note,3145
philippin,3146
abstract,3147
insolv,3148
accept,3149
moratorium,3150
map,3151
constitu,3152
outsourc,3153
bond,3154
semi,3155
card,3156
lamb,3157
grain,3158
unless,3159
regist,3160
downsw,3161
male,3162
crowdfund,3163
sharpen,3164
calm,3165
train,3166
el,3167
revis,3168
fsa,3169
diana,3170
food,3171
princess,3172
framework,3173
construct,3174
verac,3175
acquir,3176
exceedsthat,3177
builder,3178
peac,3179
graduat,3180
proxim,3181
span,3182
embodi,3183
social,3184
reason,3185
yorkshir,3186
dairi,3187
accompani,3188
wane,3189
drawdown,3190
gasolin,3191
slice,3192
unafford,3193
destroy,3194
worst,3195
went,3196
soak,3197
vodafon,3198
amen,3199
soviet,3200
starkli,3201
seem,3202
place,3203
properti,3204
wave,3205
asia,3206
emphasis,3207
correspondingli,3208
refuge,3209
whose,3210
endang,3211
instant,3212
assur,3213
spent,3214
forgotten,3215
densiti,3216
clinic,3217
bl,3218
height,3219
sold,3220
solicitor,3221
pictur,3222
unmeasur,3223
insensit,3224
complementari,3225
friday,3226
clariti,3227
prior,3228
resili,3229
testimoni,3230
led,3231
tend,3232
estat,3233
regularli,3234
thailand,3235
halv,3236
volatil,3237
recapitalis,3238
outlook,3239
embed,3240
box,3241
swift,3242
isa,3243
processor,3244
inconsist,3245
protection,3246
ralli,3247
forb,3248
largest,3249
wall,3250
terrorist,3251
come,3252
altern,3253
fulli,3254
prepar,3255
done,3256
octob,3257
instrument,3258
mip,3259
olymp,3260
war,3261
notincreas,3262
wilshir,3263
ofwat,3264
discret,3265
allsopp,3266
indemnifi,3267
began,3268
plausibl,3269
refocus,3270
impuls,3271
shortcom,3272
misconduct,3273
uniform,3274
abil,3275
among,3276
re,3277
defici,3278
flowof,3279
disabl,3280
interact,3281
undertaken,3282
packet,3283
partnership,3284
skill,3285
wage,3286
solidli,3287
inland,3288
elgin,3289
methodolog,3290
offshor,3291
par,3292
iif,3293
nomin,3294
stronger,3295
gate,3296
saver,3297
plug,3298
firmli,3299
bipartisan,3300
write,3301
stiffen,3302
bloom,3303
deputi,3304
real,3305
ga,3306
knock,3307
eleven,3308
constrain,3309
visitor,3310
mitig,3311
puzzl,3312
retrain,3313
fourth,3314
except,3315
topix,3316
incomplet,3317
sheep,3318
boom,3319
reporti,3320
fallen,3321
merril,3322
kingdom,3323
adequ,3324
linkag,3325
wealth,3326
depositor,3327
easter,3328
steer,3329
rightward,3330
fmd,3331
europ,3332
footfal,3333
forestri,3334
predomin,3335
role,3336
svt,3337
septemb,3338
yardstick,3339
ie,3340
ship,3341
basi,3342
cypriot,3343
bulwark,3344
ecu,3345
imprecis,3346
refresh,3347
imput,3348
inward,3349
absent,3350
dispos,3351
reclassif,3352
spanish,3353
enabl,3354
insur,3355
prop,3356
fraudster,3357
republ,3358
expens,3359
figur,3360
proxi,3361
emu,3362
paint,3363
tell,3364
mistak,3365
usag,3366
resist,3367
homewar,3368
cg,3369
reorganis,3370
undermin,3371
shortfal,3372
henc,3373
togeth,3374
hire,3375
contributor,3376
heavili,3377
involv,3378
tmt,3379
dash,3380
variou,3381
arithmet,3382
defin,3383
tobacco,3384
omit,3385
viii,3386
import,3387
stimul,3388
depart,3389
small,3390
refinanc,3391
extern,3392
reluct,3393
hedon,3394
token,3395
ivori,3396
langel,3397
potent,3398
tent,3399
katrina,3400
search,3401
airfar,3402
africa,3403
consensu,3404
passthrough,3405
target,3406
stood,3407
leakag,3408
matur,3409
open,3410
temper,3411
ifo,3412
cycl,3413
control,3414
central,3415
dealer,3416
whenev,3417
stock,3418
softwar,3419
exist,3420
sfebruari,3421
loss,3422
begin,3423
shrink,3424
genuin,3425
devic,3426
oi,3427
discharg,3428
illustr,3429
state,3430
environ,3431
hoard,3432
converg,3433
unreliableguid,3434
instal,3435
professor,3436
glean,3437
qualif,3438
exactli,3439
lent,3440
isol,3441
payabl,3442
medicin,3443
employe,3444
deutsch,3445
cleric,3446
pivot,3447
earmark,3448
sme,3449
resolut,3450
doldrum,3451
name,3452
corollari,3453
safeti,3454
widespread,3455
unwound,3456
ip,3457
possibl,3458
wholesal,3459
reprint,3460
integr,3461
affect,3462
convers,3463
geometr,3464
ingredi,3465
nine,3466
paradox,3467
henceforth,3468
chancellor,3469
ilo,3470
royalti,3471
paul,3472
multin,3473
passeng,3474
cspp,3475
wrong,3476
road,3477
along,3478
harder,3479
sudden,3480
apac,3481
vari,3482
undergo,3483
loav,3484
bleak,3485
publicis,3486
dmo,3487
tuition,3488
strikingli,3489
code,3490
probabl,3491
tractabl,3492
former,3493
interlink,3494
guarante,3495
eu,3496
simultan,3497
inroad,3498
inoctob,3499
written,3500
voluntarili,3501
hinder,3502
backstop,3503
automot,3504
reportnot,3505
alway,3506
mechan,3507
precis,3508
fl,3509
debt,3510
exempt,3511
assumpt,3512
steep,3513
crash,3514
currentprofit,3515
ltv,3516
overmortgag,3517
comparison,3518
dmp,3519
ephemer,3520
acquisit,3521
child,3522
biggest,3523
taught,3524
argentinian,3525
intermedi,3526
moral,3527
obvers,3528
ore,3529
scarc,3530
mew,3531
recours,3532
influenc,3533
unsold,3534
clearer,3535
winter,3536
shop,3537
russia,3538
fpc,3539
expand,3540
detrend,3541
unrecord,3542
solv,3543
smooth,3544
minor,3545
bundesbank,3546
varieti,3547
behav,3548
housebuy,3549
twelv,3550
harmonis,3551
tenuou,3552
heighten,3553
impos,3554
digit,3555
vertic,3556
let,3557
unwis,3558
fourteen,3559
distinguish,3560
sketch,3561
buffer,3562
men,3563
smallest,3564
bulk,3565
climat,3566
censu,3567
ipo,3568
decid,3569
deliv,3570
attain,3571
test,3572
multipl,3573
statist,3574
left,3575
routin,3576
common,3577
owe,3578
justifi,3579
reliev,3580
economistindex,3581
certifi,3582
commiss,3583
prolifer,3584
redempt,3585
quantiti,3586
lose,3587
trebl,3588
forc,3589
royal,3590
intervent,3591
steam,3592
destock,3593
quick,3594
casual,3595
disconnect,3596
promptli,3597
correspond,3598
marginalis,3599
format,3600
talk,3601
thereaft,3602
trim,3603
recoveri,3604
cml,3605
thoroughli,3606
wti,3607
car,3608
maximis,3609
discrep,3610
absorb,3611
assimil,3612
withdraw,3613
minim,3614
older,3615
reckless,3616
known,3617
edit,3618
fan,3619
consumpt,3620
run,3621
hope,3622
odd,3623
stand,3624
fenc,3625
expert,3626
acquiesc,3627
interquartil,3628
gender,3629
soft,3630
storag,3631
sap,3632
soon,3633
identif,3634
formula,3635
disappoint,3636
secur,3637
focus,3638
member,3639
therm,3640
unpredict,3641
ongo,3642
refus,3643
opposit,3644
fall,3645
spend,3646
penzanc,3647
broaden,3648
amass,3649
korea,3650
snow,3651
fit,3652
broadest,3653
sydney,3654
version,3655
hidden,3656
processesoftenspanseveralcountri,3657
convey,3658
poorer,3659
reuter,3660
unsecur,3661
analyst,3662
adult,3663
intrins,3664
plagu,3665
repric,3666
allianc,3667
circl,3668
briefli,3669
resumpt,3670
portugues,3671
grow,3672
worth,3673
substitut,3674
especi,3675
basket,3676
strip,3677
option,3678
step,3679
bankofengland,3680
bring,3681
border,3682
plummet,3683
twice,3684
hodrick,3685
prone,3686
preceed,3687
buttress,3688
complac,3689
lower,3690
internalandexternalindebtednesscouldintensifi,3691
prospect,3692
foreseen,3693
dm,3694
provok,3695
rapid,3696
decompos,3697
unwil,3698
scant,3699
special,3700
overshoot,3701
magnifi,3702
terror,3703
recur,3704
claus,3705
modal,3706
share,3707
realign,3708
femal,3709
piec,3710
occas,3711
falter,3712
gentler,3713
filter,3714
portug,3715
enforc,3716
flow,3717
scope,3718
purpos,3719
peer,3720
diminut,3721
highli,3722
trillion,3723
insid,3724
benign,3725
forestal,3726
theoret,3727
consequenti,3728
goal,3729
augca,3730
mean,3731
furnitur,3732
hollow,3733
issuer,3734
bureau,3735
peopl,3736
presumpt,3737
agenda,3738
tempt,3739
surveypoint,3740
implicitli,3741
stabilis,3742
consider,3743
outstrip,3744
hot,3745
bill,3746
bunch,3747
unintend,3748
may,3749
disjunct,3750
disadvantag,3751
felt,3752
unprecedentedli,3753
portfolio,3754
fashion,3755
destin,3756
svr,3757
learn,3758
stop,3759
undersampl,3760
financi,3761
lcf,3762
conveni,3763
exacerb,3764
pose,3765
appropri,3766
steeper,3767
closur,3768
coal,3769
fluctuat,3770
www,3771
cent,3772
intern,3773
underdevelop,3774
santand,3775
month,3776
administ,3777
although,3778
inevit,3779
transform,3780
leader,3781
compet,3782
indebt,3783
veloc,3784
bp,3785
harvest,3786
public,3787
live,3788
distress,3789
ticket,3790
outturn,3791
rectifi,3792
predic,3793
context,3794
apprenticeship,3795
noisi,3796
earthquak,3797
join,3798
advic,3799
reportdescrib,3800
indirectli,3801
oblig,3802
abat,3803
compensatori,3804
unevenli,3805
often,3806
behalf,3807
uncomfort,3808
repeat,3809
sick,3810
stretch,3811
critic,3812
tunnel,3813
claimant,3814
ratio,3815
encephalopathi,3816
frame,3817
page,3818
sand,3819
bay,3820
studi,3821
mass,3822
indivis,3823
echo,3824
ebb,3825
degre,3826
napm,3827
influx,3828
rescal,3829
document,3830
histor,3831
market,3832
straddl,3833
gear,3834
notabl,3835
perspect,3836
chartpack,3837
febca,3838
catch,3839
input,3840
sure,3841
embargo,3842
drug,3843
cashflow,3844
alli,3845
pessim,3846
pupil,3847
belgium,3848
ecov,3849
background,3850
turndown,3851
boomer,3852
induc,3853
stylis,3854
recurr,3855
season,3856
visit,3857
dynam,3858
compat,3859
add,3860
slacker,3861
hike,3862
depress,3863
august,3864
unabl,3865
fine,3866
contributori,3867
tilt,3868
phone,3869
underrecord,3870
told,3871
compani,3872
third,3873
stubbornli,3874
solvenc,3875
discrimin,3876
unconvent,3877
baselin,3878
mida,3879
broadli,3880
applianc,3881
program,3882
promin,3883
voic,3884
coast,3885
pension,3886
west,3887
can,3888
homebuy,3889
atkinson,3890
lehman,3891
sentiment,3892
asean,3893
reportit,3894
someth,3895
book,3896
proceed,3897
optimist,3898
hesitantli,3899
ppiy,3900
exagger,3901
unwind,3902
independ,3903
imped,3904
eas,3905
hump,3906
princip,3907
depend,3908
american,3909
undoubtedli,3910
jag,3911
multi,3912
shelf,3913
hydraul,3914
unexplain,3915
worri,3916
sixth,3917
imf,3918
grown,3919
privatis,3920
attack,3921
conclud,3922
lesser,3923
recipi,3924
smoothli,3925
everybodi,3926
ltro,3927
inventori,3928
undu,3929
strongli,3930
offset,3931
becam,3932
cumbria,3933
suggest,3934
ne,3935
optic,3936
connect,3937
farm,3938
despit,3939
prudent,3940
react,3941
limit,3942
incid,3943
proce,3944
town,3945
depict,3946
changeov,3947
tandem,3948
corroboratori,3949
deni,3950
ieo,3951
plastic,3952
toolkit,3953
compliant,3954
forecourt,3955
uninsur,3956
lumpi,3957
indic,3958
turbul,3959
encourag,3960
dilemma,3961
move,3962
implicit,3963
personnel,3964
forgo,3965
interdepartment,3966
deviat,3967
bbb,3968
recaptur,3969
downbeat,3970
overview,3971
tailor,3972
riskier,3973
inertia,3974
bricklay,3975
reciproc,3976
thorough,3977
ground,3978
collateralis,3979
buyout,3980
restrict,3981
pacif,3982
eurostoxx,3983
discount,3984
symmetr,3985
surveyor,3986
entir,3987
internationalenergi,3988
light,3989
standstil,3990
kept,3991
evas,3992
wise,3993
magenta,3994
reaffirm,3995
compress,3996
caught,3997
incipi,3998
backcast,3999
spell,4000
downsiz,4001
headlin,4002
key,4003
diagnost,4004
wore,4005
notion,4006
smoother,4007
coach,4008
argentina,4009
everywher,4010
produc,4011
carbon,4012
golden,4013
calendar,4014
bounceback,4015
brazilian,4016
awar,4017
mae,4018
surprisingli,4019
incept,4020
hurdl,4021
strictli,4022
bump,4023
reassert,4024
power,4025
perhap,4026
beef,4027
reportnow,4028
elderli,4029
indian,4030
tune,4031
abrupt,4032
sanction,4033
loop,4034
standardis,4035
nich,4036
highest,4037
resort,4038
engrain,4039
friction,4040
fifti,4041
artifici,4042
metal,4043
reportli,4044
quota,4045
denot,4046
plc,4047
examin,4048
beneath,4049
leg,4050
littl,4051
pinpoint,4052
purchas,4053
manoeuvr,4054
might,4055
path,4056
retir,4057
perfectli,4058
eg,4059
preferenti,4060
misinterpret,4061
macroeconometr,4062
expansionari,4063
blur,4064
earlier,4065
meat,4066
reportreflect,4067
obsolet,4068
taxben,4069
rough,4070
mostli,4071
permit,4072
anecdot,4073
reschedul,4074
bout,4075
ra,4076
distribut,4077
reach,4078
prevent,4079
aid,4080
econometr,4081
footnot,4082
neglig,4083
deliber,4084
contour,4085
gcse,4086
displac,4087
tenant,4088
relev,4089
derog,4090
earn,4091
taxat,4092
translat,4093
mfp,4094
entrench,4095
safeguard,4096
cushion,4097
normal,4098
mimic,4099
icpf,4100
tourism,4101
fare,4102
ex,4103
msci,4104
wtd,4105
fraught,4106
ouput,4107
tip,4108
pariti,4109
optim,4110
lone,4111
fail,4112
liquefi,4113
troubl,4114
opt,4115
tear,4116
solid,4117
treatment,4118
unanim,4119
undertook,4120
erod,4121
asymmetr,4122
thu,4123
stabl,4124
consensusforecastsand,4125
intens,4126
debit,4127
feed,4128
price,4129
slight,4130
hungari,4131
ernst,4132
cutback,4133
fortun,4134
captur,4135
channel,4136
surveyind,4137
increment,4138
stagnant,4139
baromet,4140
tf,4141
wholes,4142
avoid,4143
renminbi,4144
job,4145
secretari,4146
origin,4147
inflow,4148
avert,4149
introduct,4150
mismatch,4151
devalu,4152
ofc,4153
econom,4154
movement,4155
repli,4156
repeal,4157
rang,4158
specialis,4159
libyan,4160
resourc,4161
data,4162
loosen,4163
lunar,4164
reportsom,4165
flatten,4166
product,4167
spot,4168
uneas,4169
renov,4170
voluntari,4171
fund,4172
deceler,4173
transpar,4174
black,4175
interwoven,4176
proport,4177
bulletin,4178
express,4179
narrow,4180
holiday,4181
premis,4182
vs,4183
slow,4184
weakest,4185
facet,4186
impair,4187
tech,4188
determinedli,4189
pagan,4190
dot,4191
underli,4192
consortium,4193
colder,4194
experi,4195
school,4196
electrician,4197
sterilis,4198
ladder,4199
divid,4200
escal,4201
readjust,4202
select,4203
inclin,4204
intend,4205
bought,4206
pro,4207
secular,4208
perish,4209
overnight,4210
cabl,4211
fifth,4212
tn,4213
subsidi,4214
assum,4215
pass,4216
compris,4217
tension,4218
soften,4219
finalis,4220
sale,4221
realloc,4222
resold,4223
pce,4224
approxim,4225
inaugust,4226
esa,4227
equival,4228
bound,4229
reinstat,4230
underwrit,4231
organis,4232
paybil,4233
bread,4234
payrol,4235
took,4236
lighter,4237
harsh,4238
fridg,4239
conveyanc,4240
synchronis,4241
yougov,4242
front,4243
theintern,4244
fairli,4245
reced,4246
dramat,4247
boe,4248
overvalu,4249
aggress,4250
amelior,4251
leftward,4252
dispers,4253
gilt,4254
biannual,4255
germani,4256
sampl,4257
check,4258
tangibl,4259
welcom,4260
artefact,4261
reconcil,4262
permiss,4263
spv,4264
invoic,4265
stearn,4266
australia,4267
elast,4268
boundari,4269
onward,4270
tfp,4271
align,4272
commensur,4273
durabl,4274
vendor,4275
perform,4276
hard,4277
upper,4278
nowcast,4279
conjunctur,4280
denomin,4281
revitalis,4282
effect,4283
problem,4284
recalcul,4285
rb,4286
division,4287
natur,4288
specul,4289
unhedg,4290
push,4291
cite,4292
oddli,4293
manifest,4294
instead,4295
culmin,4296
euro,4297
fraudul,4298
subgroup,4299
give,4300
varianc,4301
tsb,4302
polaris,4303
variat,4304
worsen,4305
detract,4306
precondit,4307
respond,4308
overhang,4309
decreas,4310
inflationari,4311
patent,4312
extrapol,4313
correl,4314
abi,4315
speech,4316
speedi,4317
db,4318
overdepend,4319
dysfunct,4320
highlight,4321
onto,4322
incapac,4323
everyth,4324
errat,4325
televis,4326
recal,4327
nop,4328
sizabl,4329
circumst,4330
differ,4331
understood,4332
mothbal,4333
implic,4334
alongsid,4335
rais,4336
group,4337
extens,4338
meant,4339
prevail,4340
district,4341
win,4342
float,4343
matter,4344
burgeon,4345
preciou,4346
patch,4347
requisit,4348
virtual,4349
confirm,4350
speed,4351
attent,4352
fe,4353
overoptimist,4354
lloyd,4355
reopen,4356
intang,4357
turnov,4358
duti,4359
resid,4360
quantit,4361
edg,4362
relat,4363
hmrc,4364
fallout,4365
pra,4366
commit,4367
deem,4368
proven,4369
gloucest,4370
illiquid,4371
stipul,4372
thank,4373
unknown,4374
player,4375
disregard,4376
januari,4377
upward,4378
manual,4379
backrun,4380
impract,4381
influenti,4382
deal,4383
protect,4384
wake,4385
barclay,4386
mistaken,4387
million,4388
seat,4389
project,4390
true,4391
tie,4392
attend,4393
briskli,4394
chosen,4395
triangl,4396
downsid,4397
contribut,4398
free,4399
emul,4400
scatter,4401
good,4402
decad,4403
crisi,4404
canvass,4405
suppos,4406
regardless,4407
terminolog,4408
promis,4409
method,4410
ecb,4411
formul,4412
efficaci,4413
conceiv,4414
equip,4415
bumper,4416
pair,4417
aa,4418
academ,4419
engend,4420
akin,4421
cattl,4422
transco,4423
bearish,4424
calv,4425
transmiss,4426
envisag,4427
white,4428
parent,4429
xperthr,4430
conduc,4431
undergradu,4432
dow,4433
currenc,4434
cessat,4435
chip,4436
list,4437
immun,4438
asymmetri,4439
overh,4440
scrutini,4441
pure,4442
prime,4443
axe,4444
exampl,4445
shade,4446
eat,4447
shore,4448
signal,4449
find,4450
cob,4451
amalgam,4452
lifetim,4453
belief,4454
programm,4455
gain,4456
theme,4457
roundtabl,4458
end,4459
renegoti,4460
recognit,4461
drawn,4462
obscur,4463
pervad,4464
explain,4465
underlin,4466
inflex,4467
assist,4468
iraqi,4469
inadequaci,4470
quadrupl,4471
factori,4472
redirect,4473
stagger,4474
forward,4475
metric,4476
spain,4477
driver,4478
quicken,4479
fanni,4480
rebat,4481
barley,4482
criterion,4483
merit,4484
dampen,4485
invari,4486
brc,4487
economi,4488
fourteenth,4489
subdu,4490
debtor,4491
midland,4492
texa,4493
east,4494
lengthen,4495
outsid,4496
overwhelmingli,4497
airlin,4498
cocoa,4499
snapshot,4500
wireless,4501
upfront,4502
novemb,4503
cool,4504
understat,4505
reinvest,4506
restraint,4507
expans,4508
slack,4509
specifi,4510
sluggish,4511
demograph,4512
unmortgag,4513
widest,4514
muddi,4515
wood,4516
procycl,4517
beverag,4518
newspap,4519
gross,4520
balanc,4521
lowest,4522
hazard,4523
jet,4524
banker,4525
bulgaria,4526
recess,4527
lapf,4528
concurr,4529
rout,4530
cataract,4531
maintain,4532
outpac,4533
clarifi,4534
eventu,4535
hitherto,4536
ten,4537
death,4538
imping,4539
ident,4540
threaten,4541
weekend,4542
came,4543
cast,4544
puzzlingli,4545
traction,4546
deutsh,4547
subscrib,4548
pmi,4549
hold,4550
interconnector,4551
