healthier,0
macroeconom,1
saga,2
explicit,3
flatter,4
issu,5
panel,6
impetu,7
bean,8
bidder,9
helia,10
wile,11
moder,12
millennium,13
darl,14
quo,15
pym,16
arisen,17
tomorrow,18
extraordinarili,19
nasti,20
relentlessli,21
pound,22
mortgagor,23
greater,24
forum,25
bear,26
charg,27
whoever,28
peak,29
ant,30
ramp,31
fsb,32
ceil,33
dichotomi,34
travel,35
saw,36
itali,37
twitter,38
experienc,39
believ,40
utterli,41
cylind,42
autom,43
facil,44
statutori,45
chang,46
shorthand,47
rigour,48
disappear,49
prefac,50
partner,51
chunk,52
studio,53
indetermin,54
uncommon,55
foretel,56
deed,57
quot,58
majesti,59
eddi,60
goldman,61
deepen,62
strike,63
counti,64
stimuli,65
repay,66
break,67
contradict,68
onetim,69
liter,70
gloomi,71
charact,72
worker,73
enorm,74
withdrawn,75
unrealist,76
simplifi,77
vast,78
stanc,79
send,80
stiglitz,81
unveil,82
struggl,83
extrem,84
yeah,85
aberr,86
sixteen,87
congress,88
young,89
commenc,90
backdrop,91
sake,92
misunderstand,93
chat,94
hank,95
suffici,96
deeper,97
smoothli,98
spare,99
equiti,100
supervis,101
desir,102
categori,103
close,104
recruit,105
paulson,106
resurg,107
born,108
underfund,109
unilater,110
incom,111
riski,112
juri,113
citi,114
hierarchi,115
session,116
shambl,117
cheer,118
passion,119
stone,120
correctli,121
acid,122
heard,123
final,124
looser,125
outdat,126
obsess,127
cours,128
roughli,129
arbitrari,130
fulsom,131
ordinari,132
evenli,133
overcom,134
appreci,135
flame,136
interconnect,137
peripheri,138
bloodi,139
settl,140
technolog,141
greek,142
societi,143
adapt,144
major,145
match,146
woudl,147
afternoon,148
heal,149
mortgag,150
compens,151
apropo,152
arrang,153
clean,154
hfi,155
tri,156
slide,157
primarili,158
exet,159
insist,160
nearterm,161
valu,162
credibl,163
commonli,164
elabor,165
ectr,166
proud,167
regress,168
stat,169
handout,170
endstat,171
ye,172
adher,173
ah,174
slightli,175
ministri,176
clarifi,177
convict,178
quarterli,179
shown,180
pall,181
undershoot,182
acut,183
reichsbank,184
pain,185
fraction,186
wean,187
recognis,188
detail,189
utilis,190
hill,191
underscor,192
accid,193
taylor,194
earli,195
contradictori,196
secondari,197
offici,198
dri,199
univers,200
anchor,201
crunch,202
nonetheless,203
notaidclarityofthoughtintheendbi,204
visibl,205
counterparti,206
comment,207
beyond,208
short,209
cbi,210
profil,211
relax,212
ass,213
acccommod,214
land,215
fdi,216
track,217
shock,218
gap,219
netherland,220
pithier,221
ditto,222
sole,223
mildli,224
steadili,225
incentivis,226
davi,227
staff,228
hide,229
bigger,230
sharehold,231
cost,232
tim,233
transact,234
continu,235
reveal,236
explan,237
foodstuff,238
treasuri,239
instantli,240
leav,241
differenti,242
upsw,243
tougher,244
burden,245
ask,246
chain,247
fiscal,248
optimis,249
instanc,250
disagr,251
orderli,252
repo,253
prescript,254
instruct,255
decent,256
prick,257
broken,258
fragment,259
theatr,260
camp,261
quarter,262
achiev,263
mask,264
stagnat,265
pressur,266
uniformli,267
barnier,268
portion,269
preview,270
alloc,271
dispassion,272
deleverag,273
retail,274
magnitud,275
richard,276
due,277
biotechnolog,278
lever,279
account,280
overwhelm,281
accuraci,282
aspect,283
fleme,284
treat,285
cann,286
imper,287
coalit,288
view,289
cross,290
interconnected,291
georg,292
foot,293
german,294
exuber,295
helpless,296
diametr,297
greec,298
lurid,299
none,300
mixtur,301
journalist,302
uniqu,303
creation,304
slock,305
setter,306
readili,307
consolid,308
full,309
destruct,310
inherit,311
jargon,312
lay,313
plung,314
evolut,315
repap,316
partli,317
bobbl,318
time,319
gift,320
loon,321
don,322
complex,323
discuss,324
predetermin,325
counter,326
counterproduct,327
advers,328
disproportion,329
rent,330
frankli,331
canada,332
essay,333
money,334
tens,335
sooner,336
warn,337
drought,338
diamond,339
dimens,340
throughout,341
postpon,342
faisal,343
throw,344
burst,345
unit,346
slower,347
coffe,348
concern,349
outer,350
exit,351
forev,352
handoff,353
scenario,354
softli,355
oper,356
region,357
overweight,358
posit,359
tini,360
must,361
steepest,362
unpreced,363
cohort,364
unconnect,365
explicitli,366
straight,367
longer,368
inappropri,369
interrel,370
plu,371
output,372
fell,373
keen,374
prejudg,375
overdraft,376
frequent,377
conven,378
knew,379
temporarili,380
intensifi,381
camouflag,382
discretionari,383
openli,384
misapprehens,385
unusu,386
leap,387
legaci,388
barrier,389
credit,390
repossess,391
passag,392
pale,393
sceptic,394
pull,395
skip,396
turnaround,397
web,398
bedrock,399
macro,400
simul,401
seminar,402
unemploy,403
delay,404
jobless,405
washington,406
jubile,407
arrear,408
depreci,409
blunt,410
tee,411
rocki,412
util,413
act,414
main,415
wide,416
includ,417
drawback,418
strategi,419
bradford,420
totem,421
medal,422
suppli,423
talent,424
judgment,425
unfamiliar,426
pardon,427
self,428
requir,429
colleagu,430
tank,431
skew,432
brent,433
downgrad,434
willing,435
custom,436
patient,437
uncov,438
timelin,439
chewi,440
boat,441
stockton,442
valuabl,443
coupl,444
attribut,445
loos,446
fx,447
premium,448
liabil,449
deflationari,450
drift,451
prey,452
weidmann,453
broke,454
persuad,455
focal,456
fruition,457
telephon,458
finish,459
increasingli,460
excus,461
negoti,462
outset,463
noreena,464
payment,465
diversif,466
fuse,467
forefront,468
amount,469
tail,470
taxpay,471
clarif,472
mandat,473
farewel,474
stigmatis,475
author,476
submit,477
inaccur,478
preserv,479
precautionari,480
curiou,481
record,482
tv,483
competit,484
inadvert,485
mini,486
intact,487
possess,488
exchang,489
deliveri,490
accord,491
remit,492
cliff,493
sensibl,494
till,495
evolv,496
age,497
draft,498
inflat,499
sound,500
british,501
crude,502
hysteresi,503
extend,504
accumul,505
poorer,506
unwarr,507
cdo,508
genom,509
elig,510
monetari,511
deploy,512
riksbank,513
junctur,514
capit,515
fold,516
persist,517
creditworthi,518
durat,519
room,520
histori,521
wronger,522
regul,523
sight,524
consequ,525
medium,526
repeatedli,527
sort,528
prioriti,529
unsustain,530
realis,531
publish,532
item,533
websit,534
wound,535
packag,536
higher,537
warrant,538
formal,539
bernank,540
immens,541
preliminari,542
lid,543
paid,544
coin,545
everyon,546
mispric,547
haven,548
badli,549
hadth,550
better,551
investor,552
design,553
irrat,554
inextric,555
predica,556
roll,557
broad,558
ownership,559
sane,560
dwarf,561
health,562
zombi,563
point,564
meanwhil,565
last,566
balloon,567
content,568
energi,569
fleec,570
deck,571
viabil,572
communiqu,573
head,574
zone,575
amateur,576
overhead,577
transient,578
gosh,579
alan,580
remov,581
ve,582
report,583
sharpest,584
jolt,585
thumb,586
growsfast,587
helicopt,588
registr,589
capitalis,590
aluminium,591
bare,592
charl,593
martin,594
breach,595
penalti,596
narr,597
avian,598
bore,599
sea,600
delev,601
inquiri,602
shortag,603
cynic,604
reloc,605
spill,606
oppos,607
overseen,608
statut,609
acceler,610
certain,611
addit,612
auction,613
rest,614
toler,615
faster,616
review,617
flush,618
judgement,619
modif,620
fist,621
dominiqu,622
dialogu,623
itstil,624
wonder,625
hedg,626
interdepend,627
implement,628
signific,629
reset,630
execut,631
ribbon,632
switzerland,633
prompt,634
fact,635
pragmatist,636
june,637
horizon,638
virtu,639
undesir,640
neg,641
tier,642
overhaul,643
cognoscenti,644
shift,645
failur,646
singularli,647
distant,648
otherwis,649
variant,650
similar,651
backfir,652
impli,653
thing,654
interim,655
devast,656
error,657
appoint,658
creat,659
quibbl,660
recommend,661
elect,662
tighter,663
kind,664
associ,665
minimum,666
uptick,667
manifesto,668
deferr,669
board,670
suggesitng,671
lambast,672
fca,673
expenditur,674
nowher,675
agreement,676
frog,677
reiter,678
homeown,679
daili,680
sniffi,681
die,682
welfar,683
disloc,684
news,685
chines,686
morn,687
reform,688
sourc,689
plan,690
longerterm,691
unexpect,692
repair,693
manufactur,694
quickli,695
healthi,696
clear,697
correct,698
collabor,699
recov,700
surplus,701
endors,702
suitabl,703
kathryn,704
residenti,705
crimin,706
idiosyncrat,707
guard,708
principl,709
greenspan,710
human,711
countercycl,712
pent,713
director,714
calcul,715
abid,716
transfer,717
infinit,718
pictori,719
familiar,720
lest,721
lack,722
confront,723
outcom,724
fastest,725
constitut,726
ashley,727
disburs,728
averag,729
stay,730
refer,731
contrari,732
candid,733
domin,734
harmless,735
heat,736
diplomat,737
episod,738
worldwid,739
save,740
dgi,741
cfo,742
popul,743
aim,744
binari,745
swiss,746
upon,747
qualiti,748
realiti,749
charli,750
tactic,751
top,752
seventi,753
structur,754
baton,755
fault,756
stockpil,757
outrag,758
powder,759
graviti,760
armouri,761
rpi,762
away,763
patienc,764
vehicl,765
window,766
consist,767
downturn,768
histogram,769
benchmark,770
lead,771
offer,772
seven,773
disturb,774
standalon,775
billion,776
week,777
straightforward,778
stem,779
criticis,780
system,781
latest,782
tradeabl,783
declar,784
manner,785
easiest,786
occasion,787
capac,788
employ,789
concret,790
intermediari,791
longest,792
introductori,793
best,794
deconstruct,795
warmer,796
default,797
withstand,798
reflect,799
jean,800
rollov,801
grade,802
line,803
complic,804
bind,805
calibr,806
buoyant,807
alarm,808
truth,809
immedi,810
mover,811
bs,812
presid,813
portray,814
chancehtat,815
cuff,816
survey,817
magna,818
wheel,819
vastli,820
macroprudenti,821
imagin,822
england,823
discern,824
robert,825
unforecast,826
basel,827
lion,828
sovereign,829
gordon,830
waffli,831
stimulatori,832
cumul,833
imag,834
countervail,835
auditor,836
trend,837
rubbish,838
safer,839
blue,840
nearer,841
fun,842
reimburs,843
backward,844
passu,845
accus,846
measur,847
impot,848
toppl,849
demand,850
outlet,851
abroad,852
restat,853
area,854
forbear,855
ventur,856
damag,857
uprat,858
francin,859
rocket,860
reflat,861
versu,862
grant,863
boil,864
count,865
trick,866
gaug,867
unhappi,868
sdr,869
bank,870
articl,871
stringent,872
coher,873
administr,874
reader,875
revenu,876
interrog,877
held,878
behaviour,879
suprem,880
maroon,881
brought,882
proposit,883
generalis,884
rodger,885
think,886
timefram,887
decis,888
order,889
industri,890
unrel,891
disguis,892
thousand,893
fuel,894
expect,895
seller,896
closer,897
aficionado,898
discov,899
guidanc,900
vi,901
occup,902
sipp,903
campaign,904
fulltim,905
somewher,906
lot,907
mention,908
citizen,909
singl,910
instinct,911
jerk,912
microprudenti,913
accordingli,914
chart,915
capita,916
disclos,917
know,918
south,919
index,920
polit,921
opinion,922
elev,923
avail,924
petrol,925
anymor,926
exclus,927
librari,928
undertak,929
aftermath,930
significantli,931
advanc,932
lift,933
comprehens,934
warm,935
situat,936
transport,937
spectrum,938
counteract,939
detect,940
benefici,941
februari,942
leas,943
avers,944
feedback,945
apart,946
shallow,947
tight,948
greatest,949
intent,950
globe,951
bedtim,952
privat,953
base,954
auto,955
discourag,956
bandi,957
greatli,958
opec,959
prove,960
culprit,961
score,962
larg,963
distort,964
mode,965
interfer,966
bit,967
firm,968
phenomenon,969
territori,970
qb,971
hefti,972
bunt,973
across,974
buffet,975
hypothet,976
holder,977
meteorolog,978
unresolv,979
extraordinari,980
replac,981
initi,982
rug,983
vat,984
supplier,985
fourthli,986
return,987
wedg,988
numer,989
hearten,990
louis,991
yesterday,992
aggreg,993
seethi,994
okay,995
movi,996
bespok,997
regular,998
nois,999
reduct,1000
concept,1001
today,1002
privi,1003
touch,1004
worthwhil,1005
raft,1006
vire,1007
sent,1008
compar,1009
problemat,1010
materi,1011
cpiy,1012
viewpoint,1013
remuner,1014
women,1015
sail,1016
simplic,1017
explic,1018
risen,1019
futil,1020
themat,1021
unravel,1022
aberdeen,1023
extent,1024
italian,1025
servic,1026
mainli,1027
uneven,1028
contempl,1029
alreadi,1030
ultim,1031
focuss,1032
bretton,1033
relationship,1034
enjoy,1035
quintil,1036
augment,1037
atlant,1038
configur,1039
air,1040
interview,1041
softer,1042
progress,1043
repaid,1044
fixiti,1045
mediat,1046
settlement,1047
remind,1048
honest,1049
distinct,1050
confus,1051
co,1052
enthusiast,1053
research,1054
haldan,1055
deflect,1056
cleverli,1057
fair,1058
wonkish,1059
modernis,1060
dollar,1061
doubl,1062
fear,1063
variabl,1064
calmer,1065
motiv,1066
far,1067
diversifi,1068
lucid,1069
gave,1070
mix,1071
vagu,1072
cheapli,1073
accur,1074
commun,1075
junior,1076
exhibit,1077
steadi,1078
countrywid,1079
evalu,1080
depth,1081
post,1082
respect,1083
reviv,1084
microphon,1085
help,1086
overst,1087
bad,1088
shape,1089
closest,1090
commod,1091
simpl,1092
grabin,1093
deriv,1094
devot,1095
leisur,1096
interv,1097
wari,1098
divis,1099
navig,1100
absenc,1101
kettl,1102
lean,1103
stray,1104
exercis,1105
regain,1106
els,1107
manag,1108
tool,1109
protectionist,1110
pbr,1111
messag,1112
convuls,1113
identifi,1114
exhort,1115
rank,1116
registri,1117
modifi,1118
downward,1119
oh,1120
strong,1121
innov,1122
whim,1123
tendenc,1124
milton,1125
purdah,1126
arguabl,1127
topic,1128
predict,1129
collar,1130
fee,1131
szu,1132
game,1133
contract,1134
hung,1135
circul,1136
disagre,1137
adam,1138
redeem,1139
acur,1140
ric,1141
stick,1142
recoup,1143
laugh,1144
outstand,1145
enrich,1146
decemb,1147
reneg,1148
text,1149
eastern,1150
wto,1151
illuminatingli,1152
anim,1153
unfold,1154
eye,1155
febril,1156
viabl,1157
team,1158
union,1159
infer,1160
either,1161
band,1162
collaps,1163
link,1164
hang,1165
mainten,1166
harshli,1167
intellectu,1168
mid,1169
bullish,1170
lesson,1171
success,1172
solut,1173
per,1174
follow,1175
cautiou,1176
rightli,1177
misl,1178
baffl,1179
procur,1180
financ,1181
peripher,1182
revalu,1183
altogeth,1184
choos,1185
belong,1186
conceptu,1187
involuntari,1188
fiction,1189
rock,1190
flood,1191
convinc,1192
summit,1193
disaggreg,1194
rememb,1195
alon,1196
resolv,1197
heart,1198
trump,1199
parenthet,1200
diagram,1201
lastli,1202
consult,1203
surviv,1204
subtl,1205
hit,1206
argument,1207
imperfect,1208
fix,1209
roundabout,1210
rigor,1211
realm,1212
hugh,1213
particular,1214
mere,1215
fewer,1216
colour,1217
radic,1218
descript,1219
proprietari,1220
refin,1221
squar,1222
pillar,1223
separ,1224
bold,1225
jan,1226
raw,1227
appetit,1228
flip,1229
featur,1230
accommod,1231
preval,1232
immigr,1233
hurrican,1234
european,1235
sequenti,1236
outlier,1237
sam,1238
mustn,1239
coverag,1240
reserv,1241
fals,1242
extra,1243
total,1244
predat,1245
rehir,1246
vacanc,1247
knockout,1248
promot,1249
shirakawa,1250
fat,1251
realli,1252
grate,1253
summaris,1254
regret,1255
size,1256
tradit,1257
turmoil,1258
trajectori,1259
shed,1260
jason,1261
naiv,1262
ill,1263
appl,1264
north,1265
ni,1266
whist,1267
incred,1268
compel,1269
happi,1270
invers,1271
discoveri,1272
prohibit,1273
sign,1274
payback,1275
right,1276
slew,1277
authoris,1278
digest,1279
argu,1280
dislodg,1281
overplay,1282
music,1283
vital,1284
thirteen,1285
sequenc,1286
crystal,1287
prefer,1288
passiv,1289
monday,1290
inequ,1291
pencil,1292
fast,1293
missel,1294
respons,1295
world,1296
driven,1297
landscap,1298
refund,1299
twenti,1300
dissip,1301
twofold,1302
outright,1303
hardship,1304
pessimist,1305
headquart,1306
invit,1307
reaction,1308
rotat,1309
tenor,1310
dilut,1311
trichet,1312
elimin,1313
siren,1314
britain,1315
minouch,1316
downplay,1317
rebal,1318
phillip,1319
conjectur,1320
chose,1321
happili,1322
scott,1323
laud,1324
retain,1325
tackl,1326
observ,1327
halfway,1328
mispercept,1329
pejor,1330
anyway,1331
shoulder,1332
chapter,1333
relief,1334
afraid,1335
faith,1336
shadow,1337
overemphasis,1338
counterpart,1339
entiti,1340
safest,1341
latter,1342
combin,1343
cope,1344
strain,1345
norm,1346
summon,1347
upset,1348
essenti,1349
qualifi,1350
equat,1351
vision,1352
headwind,1353
type,1354
freez,1355
maastricht,1356
year,1357
disinfl,1358
liber,1359
tenth,1360
scrambl,1361
insuffici,1362
subsequ,1363
luxuri,1364
pay,1365
serv,1366
democraci,1367
courag,1368
reinterpret,1369
miner,1370
guess,1371
outlin,1372
squeez,1373
swallow,1374
root,1375
subsidis,1376
juxtaposit,1377
fog,1378
indemn,1379
flash,1380
perfect,1381
shall,1382
french,1383
snap,1384
reput,1385
allow,1386
tusk,1387
supersed,1388
show,1389
threat,1390
frustratingli,1391
stimulu,1392
speak,1393
learnt,1394
stealth,1395
dismiss,1396
overli,1397
unlock,1398
sector,1399
internet,1400
buyer,1401
enumer,1402
creditor,1403
remaind,1404
nave,1405
pretti,1406
nmg,1407
retrench,1408
richer,1409
placid,1410
teas,1411
collater,1412
amplitud,1413
constraint,1414
slacken,1415
consum,1416
propiti,1417
gener,1418
reli,1419
doom,1420
governor,1421
draw,1422
rebuild,1423
overboard,1424
insofar,1425
excel,1426
zenith,1427
fame,1428
sweden,1429
salari,1430
net,1431
fulfil,1432
iqaluit,1433
aldrick,1434
borrow,1435
mainstream,1436
dubiou,1437
pattern,1438
ben,1439
asid,1440
mac,1441
law,1442
green,1443
workplac,1444
contagion,1445
man,1446
hamper,1447
teen,1448
mr,1449
eight,1450
reward,1451
obr,1452
flag,1453
sharpli,1454
unidirect,1455
quantifi,1456
acred,1457
plasma,1458
action,1459
renew,1460
ideal,1461
flight,1462
section,1463
bubbl,1464
globalis,1465
intellig,1466
afterward,1467
asian,1468
knowledg,1469
slowdown,1470
client,1471
presumptu,1472
larri,1473
confer,1474
howth,1475
lucki,1476
clash,1477
brazil,1478
dave,1479
caus,1480
ocean,1481
fed,1482
anybodi,1483
store,1484
composit,1485
receiv,1486
craft,1487
debat,1488
advis,1489
father,1490
slowli,1491
sensit,1492
eman,1493
preced,1494
column,1495
assess,1496
minu,1497
disturbingli,1498
defenc,1499
autumn,1500
agent,1501
supplement,1502
represent,1503
minimis,1504
particularli,1505
sequel,1506
predominantli,1507
wherea,1508
provid,1509
meantim,1510
pleas,1511
travail,1512
deepli,1513
dale,1514
commentari,1515
semant,1516
pocket,1517
hammer,1518
guid,1519
wrote,1520
funni,1521
industrialis,1522
limb,1523
continent,1524
govern,1525
remain,1526
scheherazad,1527
much,1528
thick,1529
criteria,1530
ramif,1531
trough,1532
cyclic,1533
blackout,1534
expertis,1535
launch,1536
recip,1537
cherri,1538
career,1539
mirror,1540
poorli,1541
medic,1542
corrobor,1543
caution,1544
unabash,1545
deflat,1546
gone,1547
bother,1548
encapsul,1549
iseith,1550
lf,1551
jump,1552
foremost,1553
pool,1554
wish,1555
confidenti,1556
bodi,1557
risk,1558
mayb,1559
sin,1560
kamal,1561
interpol,1562
scotland,1563
surround,1564
premia,1565
birth,1566
successor,1567
conscious,1568
rec,1569
housekeep,1570
mutual,1571
vault,1572
apolit,1573
spuriou,1574
referendum,1575
result,1576
within,1577
got,1578
qe,1579
tucker,1580
choppi,1581
conspir,1582
mexico,1583
conway,1584
flesh,1585
boost,1586
squabbl,1587
colloqui,1588
obstacl,1589
atth,1590
northern,1591
reemphasis,1592
committe,1593
carri,1594
agoni,1595
reactiv,1596
anew,1597
atmospher,1598
earnest,1599
easier,1600
unifi,1601
hmm,1602
drastic,1603
nascent,1604
refrain,1605
deloitt,1606
presenc,1607
revert,1608
unattract,1609
databank,1610
wors,1611
tradeoff,1612
ensur,1613
liais,1614
amid,1615
parliamentari,1616
engag,1617
household,1618
attitud,1619
cure,1620
abl,1621
precipit,1622
advoc,1623
instabl,1624
clearli,1625
opportun,1626
embrac,1627
almost,1628
slope,1629
specif,1630
constel,1631
wast,1632
great,1633
amongst,1634
deficit,1635
median,1636
schedul,1637
propens,1638
carpet,1639
predictor,1640
avenu,1641
geopolit,1642
libor,1643
stag,1644
alter,1645
reminisc,1646
theori,1647
demonstr,1648
noisier,1649
ireland,1650
reliabl,1651
anyth,1652
steepli,1653
thirdli,1654
load,1655
blame,1656
oecd,1657
establish,1658
dealt,1659
danger,1660
space,1661
punish,1662
someon,1663
difficulti,1664
bund,1665
inde,1666
tweet,1667
radar,1668
nobodi,1669
rebuilt,1670
pitch,1671
outweigh,1672
liquid,1673
symmetri,1674
delta,1675
oversight,1676
edinburgh,1677
water,1678
electr,1679
suck,1680
disput,1681
lie,1682
geoff,1683
embark,1684
attach,1685
complement,1686
legitim,1687
restructur,1688
yellow,1689
noth,1690
mortem,1691
zigzag,1692
bar,1693
acknowledg,1694
hardli,1695
modest,1696
albeit,1697
gloom,1698
mail,1699
develop,1700
fire,1701
inabl,1702
complet,1703
workforc,1704
dwindl,1705
relatedli,1706
rate,1707
without,1708
export,1709
unstabl,1710
physic,1711
ago,1712
bridg,1713
likewis,1714
posen,1715
de,1716
side,1717
satisfactorili,1718
flation,1719
technocrat,1720
supervisor,1721
bonus,1722
hurt,1723
reassess,1724
cancel,1725
diverg,1726
dodg,1727
capabl,1728
low,1729
conceal,1730
metaphor,1731
dip,1732
profound,1733
len,1734
inter,1735
vigil,1736
sum,1737
bilater,1738
convert,1739
look,1740
statutorili,1741
dear,1742
unearn,1743
effici,1744
commend,1745
feel,1746
previou,1747
australian,1748
restor,1749
pop,1750
indirect,1751
dream,1752
siobhan,1753
audienc,1754
mobilis,1755
agenc,1756
realist,1757
red,1758
famou,1759
interf,1760
fanci,1761
minut,1762
logic,1763
alley,1764
statement,1765
forese,1766
unreason,1767
media,1768
sens,1769
firstli,1770
exert,1771
spring,1772
phrase,1773
domain,1774
dr,1775
mop,1776
onu,1777
summer,1778
love,1779
directli,1780
nicer,1781
impedi,1782
maximum,1783
basix,1784
succeed,1785
consecut,1786
request,1787
tradabl,1788
undiminish,1789
dig,1790
oil,1791
unexpectedli,1792
quasi,1793
via,1794
darkest,1795
indebted,1796
contemporan,1797
se,1798
cip,1799
minist,1800
outbreak,1801
easi,1802
breakdown,1803
split,1804
cpi,1805
ascrib,1806
build,1807
violenc,1808
carta,1809
climb,1810
declin,1811
revisit,1812
uncertain,1813
poorest,1814
occupi,1815
comfort,1816
certainti,1817
workaround,1818
spillov,1819
unlaw,1820
widen,1821
platform,1822
woke,1823
amplifi,1824
stuff,1825
loc,1826
home,1827
need,1828
overfund,1829
legisl,1830
suit,1831
stole,1832
guy,1833
referenda,1834
complianc,1835
analogu,1836
gentli,1837
underestim,1838
flat,1839
furthermor,1840
shortterm,1841
antidot,1842
japan,1843
educ,1844
pleasur,1845
tracker,1846
reign,1847
centuri,1848
remot,1849
immin,1850
therebi,1851
fill,1852
whyw,1853
onlin,1854
core,1855
popular,1856
evid,1857
microdata,1858
intensif,1859
event,1860
privileg,1861
audit,1862
magic,1863
deduc,1864
spread,1865
charter,1866
readi,1867
miss,1868
atrophi,1869
famili,1870
cleanest,1871
imbal,1872
offic,1873
preoccup,1874
equilibrium,1875
stake,1876
analyt,1877
disinflationari,1878
greas,1879
disast,1880
fortnight,1881
audio,1882
secondli,1883
amidst,1884
prosecutor,1885
wisdom,1886
drag,1887
stori,1888
presum,1889
accomplish,1890
destini,1891
nimbl,1892
foreign,1893
necessari,1894
focu,1895
obviat,1896
chase,1897
apolog,1898
sip,1899
struck,1900
sober,1901
tricki,1902
institut,1903
plenti,1904
vane,1905
toward,1906
unaffect,1907
entrant,1908
profess,1909
issuanc,1910
warmest,1911
vulner,1912
ravish,1913
street,1914
mindset,1915
given,1916
coupon,1917
candidli,1918
suffer,1919
tabl,1920
recalibr,1921
pursu,1922
row,1923
statu,1924
timet,1925
excit,1926
weight,1927
phase,1928
defeat,1929
dissimilar,1930
anticip,1931
effort,1932
becom,1933
discreet,1934
irrespect,1935
budget,1936
heterogen,1937
spike,1938
jen,1939
diagnos,1940
late,1941
plough,1942
difficult,1943
cascad,1944
thrust,1945
understand,1946
economis,1947
procedur,1948
unsettl,1949
past,1950
bottom,1951
froth,1952
edgar,1953
china,1954
slowish,1955
conclus,1956
process,1957
bonu,1958
happen,1959
similarli,1960
grip,1961
afresh,1962
scale,1963
cake,1964
valv,1965
zero,1966
half,1967
excess,1968
gfk,1969
lag,1970
regim,1971
frustrat,1972
smartli,1973
bell,1974
interest,1975
accompli,1976
whichcancel,1977
apprais,1978
period,1979
senior,1980
keep,1981
notori,1982
freedom,1983
polici,1984
locat,1985
larger,1986
crise,1987
forego,1988
strengthen,1989
jame,1990
futur,1991
object,1992
iron,1993
shorter,1994
drive,1995
mmr,1996
crosscheck,1997
wed,1998
underperform,1999
imposs,2000
hous,2001
exposur,2002
extract,2003
incent,2004
appli,2005
threshold,2006
level,2007
bite,2008
microcosm,2009
frequenc,2010
conjunct,2011
heseltin,2012
recent,2013
reduc,2014
devis,2015
foundat,2016
face,2017
multipli,2018
protract,2019
necessarili,2020
laughter,2021
bureaucrat,2022
mark,2023
poor,2024
crept,2025
sphere,2026
ed,2027
pump,2028
subtli,2029
vix,2030
flavour,2031
idea,2032
day,2033
supervisori,2034
care,2035
profit,2036
behind,2037
stasi,2038
favour,2039
stamp,2040
entitl,2041
monitor,2042
materialis,2043
heavi,2044
everyday,2045
virtuou,2046
spilt,2047
tokyo,2048
abandon,2049
haircut,2050
suspect,2051
jigsaw,2052
heather,2053
paus,2054
transitori,2055
scienc,2056
honestli,2057
strive,2058
postbrexit,2059
amaz,2060
temporari,2061
enter,2062
proportion,2063
growth,2064
strongest,2065
surfac,2066
tourist,2067
journey,2068
hour,2069
basic,2070
rather,2071
betru,2072
caveat,2073
bake,2074
incorpor,2075
unduli,2076
forecast,2077
somewhat,2078
implaus,2079
switch,2080
turn,2081
chief,2082
fifteen,2083
termin,2084
hundr,2085
determin,2086
question,2087
built,2088
serious,2089
pace,2090
presag,2091
brush,2092
taken,2093
student,2094
spur,2095
deprec,2096
shave,2097
host,2098
auster,2099
agricultur,2100
unincorpor,2101
commerc,2102
amend,2103
provis,2104
constant,2105
parti,2106
chanc,2107
overestim,2108
orient,2109
loom,2110
threw,2111
substant,2112
aris,2113
starkli,2114
sometim,2115
fool,2116
perceiv,2117
strateg,2118
neither,2119
explor,2120
hugo,2121
spoke,2122
undon,2123
benefit,2124
rephras,2125
pack,2126
robust,2127
lock,2128
attract,2129
undeni,2130
sit,2131
exhaust,2132
cautionari,2133
call,2134
swap,2135
counterfactu,2136
set,2137
element,2138
margin,2139
clever,2140
task,2141
interbank,2142
mute,2143
overrid,2144
accentu,2145
network,2146
play,2147
hear,2148
divers,2149
scottish,2150
round,2151
transmit,2152
award,2153
unchang,2154
equalis,2155
vigor,2156
likelihood,2157
thought,2158
farther,2159
machin,2160
retrac,2161
practic,2162
legal,2163
iceland,2164
local,2165
fragil,2166
parliament,2167
inclus,2168
thin,2169
concentr,2170
preannounc,2171
yet,2172
fellow,2173
joint,2174
pursuit,2175
summari,2176
reproduc,2177
profession,2178
unattain,2179
conduit,2180
crystallis,2181
burn,2182
email,2183
pioneer,2184
direct,2185
swing,2186
testifi,2187
admir,2188
wider,2189
sonia,2190
tablet,2191
disciplin,2192
cloud,2193
choic,2194
meet,2195
remark,2196
global,2197
crucial,2198
introduc,2199
wear,2200
offend,2201
mansion,2202
inform,2203
furthest,2204
ahead,2205
freddi,2206
activ,2207
repres,2208
scheme,2209
treati,2210
feasibl,2211
expend,2212
convent,2213
obviou,2214
consciou,2215
catalys,2216
satisfi,2217
gentl,2218
yen,2219
standard,2220
assert,2221
swath,2222
sorri,2223
disorderli,2224
stocktak,2225
agre,2226
gari,2227
strict,2228
contractu,2229
residu,2230
warhol,2231
eurostat,2232
want,2233
tariff,2234
loan,2235
ultra,2236
decomposit,2237
fomc,2238
repetit,2239
retrospect,2240
weekli,2241
literatur,2242
suppress,2243
six,2244
await,2245
enhanc,2246
logist,2247
automat,2248
bbc,2249
necessit,2250
contain,2251
multitud,2252
annual,2253
conting,2254
overlap,2255
headi,2256
rapidli,2257
seriou,2258
council,2259
affair,2260
partial,2261
spencer,2262
kink,2263
qualit,2264
estim,2265
mouth,2266
buy,2267
economist,2268
grew,2269
bia,2270
recap,2271
relianc,2272
thrift,2273
curv,2274
eighteen,2275
ration,2276
caricatur,2277
function,2278
subset,2279
tone,2280
approach,2281
aca,2282
primari,2283
hood,2284
analog,2285
friend,2286
king,2287
case,2288
substanc,2289
era,2290
eurozon,2291
conflict,2292
nervou,2293
inth,2294
surpris,2295
freeman,2296
ambit,2297
defer,2298
deep,2299
linear,2300
unnecessari,2301
foreshadow,2302
deterior,2303
word,2304
lodg,2305
indiffer,2306
brown,2307
arriv,2308
causal,2309
alert,2310
corner,2311
hing,2312
panglossian,2313
envelop,2314
augustinian,2315
sharp,2316
broader,2317
insight,2318
tack,2319
joe,2320
strength,2321
moscow,2322
mile,2323
spider,2324
joy,2325
tick,2326
defend,2327
rule,2328
cheaper,2329
advantag,2330
paperwork,2331
walk,2332
applic,2333
modestli,2334
ordin,2335
inject,2336
spoken,2337
unlik,2338
dividend,2339
stark,2340
remiss,2341
prolong,2342
signifi,2343
gradual,2344
chamber,2345
shut,2346
joel,2347
claud,2348
condit,2349
classic,2350
collect,2351
tax,2352
mpc,2353
start,2354
exceed,2355
angl,2356
paramet,2357
bargain,2358
churn,2359
meaning,2360
subject,2361
tale,2362
percentag,2363
sponsor,2364
snuck,2365
nuanc,2366
increas,2367
absolut,2368
seren,2369
diminish,2370
penalis,2371
analysi,2372
symptom,2373
weaken,2374
reorient,2375
compliment,2376
ucit,2377
contact,2378
dare,2379
uncondit,2380
firmer,2381
work,2382
middl,2383
strand,2384
swedish,2385
stuck,2386
vote,2387
sideway,2388
rescu,2389
peter,2390
restrain,2391
cheap,2392
memoir,2393
lessen,2394
weigh,2395
reinforc,2396
annum,2397
viewer,2398
bounc,2399
analys,2400
coincid,2401
america,2402
paper,2403
juli,2404
aspir,2405
shrunk,2406
regard,2407
purpl,2408
celebr,2409
ad,2410
congreg,2411
notic,2412
weak,2413
nearli,2414
deposit,2415
watch,2416
brexit,2417
fuell,2418
wait,2419
fundament,2420
pickup,2421
adopt,2422
emphasi,2423
finer,2424
brief,2425
usual,2426
peacetim,2427
enough,2428
importantli,2429
attempt,2430
invest,2431
internalis,2432
reconsid,2433
stress,2434
sophist,2435
engin,2436
march,2437
rebalanc,2438
percent,2439
satisfactori,2440
fixat,2441
delud,2442
justif,2443
techniqu,2444
begun,2445
somehow,2446
rigid,2447
keynesian,2448
next,2449
nil,2450
drop,2451
andrew,2452
obtain,2453
younger,2454
claim,2455
loath,2456
safe,2457
disentangl,2458
stranger,2459
lacuna,2460
humour,2461
zimbabwean,2462
met,2463
imprud,2464
gestur,2465
particip,2466
wagesettl,2467
characteris,2468
encompass,2469
big,2470
rise,2471
monopoli,2472
panic,2473
parallel,2474
lender,2475
steel,2476
blith,2477
commerci,2478
reassur,2479
incur,2480
confid,2481
wholli,2482
characterist,2483
part,2484
distract,2485
plaster,2486
conced,2487
unnecessarili,2488
bullet,2489
mislead,2490
shout,2491
present,2492
endogen,2493
read,2494
awkward,2495
savag,2496
delight,2497
sterl,2498
teeth,2499
volum,2500
percept,2501
york,2502
wash,2503
substanti,2504
handl,2505
sleep,2506
width,2507
uk,2508
revers,2509
sach,2510
answer,2511
valid,2512
near,2513
ran,2514
dump,2515
overal,2516
levi,2517
counten,2518
brother,2519
occur,2520
awash,2521
will,2522
memori,2523
david,2524
butyoudo,2525
nationalis,2526
address,2527
sever,2528
mild,2529
interpret,2530
doubt,2531
leadership,2532
properli,2533
hand,2534
omt,2535
contrast,2536
domest,2537
stream,2538
yield,2539
perman,2540
flexibl,2541
unalloy,2542
wire,2543
upcom,2544
nake,2545
shari,2546
weather,2547
regulatori,2548
uncertainti,2549
acronym,2550
statistician,2551
emerg,2552
invert,2553
admit,2554
judg,2555
nevertheless,2556
listen,2557
tightli,2558
appear,2559
disrupt,2560
hourli,2561
youth,2562
perimet,2563
releas,2564
jasper,2565
emb,2566
japanes,2567
busi,2568
corpor,2569
endur,2570
apf,2571
sl,2572
halt,2573
approv,2574
sun,2575
surplu,2576
upsid,2577
longstand,2578
assign,2579
submiss,2580
life,2581
unambigu,2582
smart,2583
sic,2584
urg,2585
expir,2586
finit,2587
infrastructur,2588
roar,2589
access,2590
fallback,2591
inadequ,2592
conduct,2593
model,2594
rel,2595
referr,2596
rainfal,2597
securitis,2598
wherebi,2599
exact,2600
ceo,2601
lend,2602
eb,2603
pin,2604
deleg,2605
unsubordin,2606
number,2607
bust,2608
therefor,2609
drain,2610
letter,2611
around,2612
pan,2613
valuat,2614
dent,2615
sharper,2616
sustain,2617
cover,2618
ignor,2619
field,2620
cleanli,2621
grappl,2622
referenc,2623
easili,2624
weaker,2625
propos,2626
languag,2627
sheet,2628
contin,2629
technic,2630
oversea,2631
rose,2632
underpin,2633
overlook,2634
flander,2635
compon,2636
offstag,2637
con,2638
bed,2639
leverag,2640
neutral,2641
aliv,2642
constantli,2643
found,2644
feder,2645
underneath,2646
resum,2647
weakli,2648
largish,2649
certainli,2650
stigma,2651
support,2652
trigger,2653
tore,2654
beforehand,2655
cash,2656
detach,2657
unknow,2658
exclud,2659
fish,2660
mi,2661
entail,2662
describ,2663
aros,2664
screen,2665
equal,2666
labour,2667
notwithstand,2668
cannot,2669
april,2670
enterpris,2671
philosophi,2672
mine,2673
sweep,2674
prudenti,2675
pertain,2676
owner,2677
knee,2678
adjust,2679
overse,2680
siv,2681
slim,2682
underway,2683
vividli,2684
centr,2685
snowfal,2686
cupboard,2687
term,2688
nineti,2689
theoris,2690
gather,2691
ampl,2692
fade,2693
mathia,2694
needl,2695
underplay,2696
momentum,2697
policymak,2698
inflict,2699
cut,2700
patchi,2701
transcript,2702
radio,2703
weimar,2704
markedli,2705
upgrad,2706
laid,2707
jurisdict,2708
wrap,2709
misrepres,2710
pick,2711
behold,2712
later,2713
saniti,2714
thrown,2715
indefinit,2716
nail,2717
stage,2718
afford,2719
essenc,2720
continuum,2721
improv,2722
artist,2723
footbal,2724
consid,2725
regrett,2726
controversi,2727
non,2728
maker,2729
countri,2730
prematur,2731
lectur,2732
receipt,2733
actual,2734
pre,2735
unfortun,2736
predecessor,2737
rpix,2738
distil,2739
mind,2740
gdp,2741
eighti,2742
tighten,2743
knit,2744
impact,2745
vers,2746
publicli,2747
unsuccess,2748
iii,2749
somebodi,2750
ft,2751
militari,2752
infrequ,2753
form,2754
franc,2755
derail,2756
shine,2757
investig,2758
expos,2759
muddl,2760
seek,2761
updat,2762
interven,2763
migrant,2764
fraud,2765
secret,2766
bi,2767
contest,2768
potenti,2769
ofleverag,2770
textbook,2771
though,2772
anda,2773
elsewher,2774
nation,2775
impart,2776
transit,2777
obvious,2778
rebound,2779
individu,2780
definit,2781
cart,2782
ineffect,2783
mysteri,2784
donald,2785
static,2786
factor,2787
person,2788
arm,2789
annualis,2790
agrain,2791
frontier,2792
carney,2793
bid,2794
migrat,2795
awe,2796
typic,2797
tripartit,2798
class,2799
impress,2800
moment,2801
pronounc,2802
shallowest,2803
facilit,2804
whole,2805
lost,2806
trade,2807
floor,2808
instantan,2809
london,2810
site,2811
lawyer,2812
lump,2813
unclear,2814
proper,2815
bluntli,2816
inher,2817
challeng,2818
sub,2819
cri,2820
subsidiari,2821
forget,2822
financialsector,2823
date,2824
trace,2825
appar,2826
previous,2827
monthli,2828
conserv,2829
exaggeratedli,2830
india,2831
seri,2832
whatev,2833
gile,2834
termism,2835
deserv,2836
smaller,2837
heroic,2838
apt,2839
hole,2840
stabil,2841
quit,2842
normalis,2843
superl,2844
clarityofthought,2845
current,2846
cold,2847
plot,2848
exploratori,2849
announc,2850
use,2851
clip,2852
colditz,2853
asset,2854
compound,2855
sell,2856
upturn,2857
restart,2858
appal,2859
hay,2860
length,2861
night,2862
enquiri,2863
simpli,2864
earner,2865
press,2866
blockag,2867
note,2868
parlanc,2869
blown,2870
abstract,2871
insolv,2872
accept,2873
map,2874
card,2875
bond,2876
grain,2877
unless,2878
tremend,2879
calm,2880
brummer,2881
train,2882
revis,2883
illus,2884
fsa,2885
framework,2886
food,2887
incident,2888
construct,2889
decay,2890
hypothesi,2891
gravit,2892
acquir,2893
swamp,2894
peac,2895
graduat,2896
builder,2897
proxim,2898
embodi,2899
social,2900
reason,2901
drawdown,2902
wane,2903
accompani,2904
slice,2905
enquir,2906
destroy,2907
worst,2908
disassoci,2909
went,2910
reintroduc,2911
seem,2912
place,2913
properti,2914
wave,2915
asia,2916
emphasis,2917
fait,2918
correspondingli,2919
nullifi,2920
concert,2921
arena,2922
instant,2923
assur,2924
spent,2925
forgotten,2926
height,2927
sold,2928
pictur,2929
clariti,2930
insensit,2931
complementari,2932
prior,2933
resili,2934
led,2935
tend,2936
regularli,2937
estat,2938
halv,2939
recapitalis,2940
volatil,2941
appeal,2942
improp,2943
prosper,2944
outlook,2945
embed,2946
kevin,2947
box,2948
isa,2949
inconsist,2950
reacceler,2951
protection,2952
grand,2953
simon,2954
largest,2955
socal,2956
come,2957
altern,2958
fulli,2959
prepar,2960
done,2961
octob,2962
instrument,2963
underground,2964
olymp,2965
bristol,2966
war,2967
discret,2968
indemnifi,2969
tobin,2970
plausibl,2971
began,2972
misconduct,2973
shortcom,2974
fuss,2975
uniform,2976
abil,2977
re,2978
among,2979
extinguish,2980
behest,2981
freeli,2982
interact,2983
fsr,2984
packet,2985
rabbl,2986
mood,2987
partnership,2988
skill,2989
wage,2990
solidli,2991
recept,2992
consol,2993
etc,2994
spreadsheet,2995
nomin,2996
honda,2997
stronger,2998
saver,2999
plug,3000
firmli,3001
spelt,3002
write,3003
deputi,3004
real,3005
ga,3006
historian,3007
knock,3008
eleven,3009
constrain,3010
fresher,3011
mitig,3012
tough,3013
visitor,3014
hurri,3015
puzzl,3016
anger,3017
fourth,3018
except,3019
incomplet,3020
boom,3021
fallen,3022
kingdom,3023
commonsens,3024
adequ,3025
linkag,3026
wealth,3027
depositor,3028
easter,3029
poignant,3030
judici,3031
steer,3032
dull,3033
micro,3034
europ,3035
predomin,3036
anywher,3037
role,3038
byhighli,3039
endeavour,3040
septemb,3041
entireti,3042
basi,3043
unimagin,3044
refresh,3045
imprecis,3046
revolv,3047
inward,3048
sadli,3049
businessess,3050
shot,3051
absent,3052
dispos,3053
spanish,3054
enabl,3055
insur,3056
habit,3057
npc,3058
lengthi,3059
republ,3060
expens,3061
figur,3062
paint,3063
mistak,3064
proxi,3065
tell,3066
resist,3067
trivial,3068
zimbabw,3069
inexact,3070
evit,3071
whatsoev,3072
reorganis,3073
undermin,3074
shortfal,3075
contributor,3076
togeth,3077
hire,3078
indictor,3079
heavili,3080
involv,3081
populu,3082
punch,3083
henc,3084
ziggurat,3085
variou,3086
dash,3087
violent,3088
arithmet,3089
mainland,3090
defin,3091
tobacco,3092
dublin,3093
semin,3094
import,3095
cognis,3096
stimul,3097
small,3098
jennif,3099
depart,3100
refinanc,3101
extern,3102
reluct,3103
token,3104
bingley,3105
potent,3106
tent,3107
africa,3108
search,3109
nanotechnolog,3110
prais,3111
consensu,3112
passthrough,3113
simplest,3114
target,3115
andi,3116
stood,3117
open,3118
matur,3119
cycl,3120
control,3121
central,3122
whenev,3123
dealer,3124
basl,3125
stock,3126
slightest,3127
exist,3128
loss,3129
begin,3130
spectacular,3131
genuin,3132
oi,3133
discharg,3134
illustr,3135
environ,3136
state,3137
hoard,3138
blueprint,3139
rush,3140
professor,3141
unlimit,3142
glean,3143
qualif,3144
exactli,3145
lent,3146
isol,3147
tacki,3148
employe,3149
sme,3150
resolut,3151
name,3152
corollari,3153
sway,3154
earth,3155
safeti,3156
widespread,3157
unwound,3158
peculiar,3159
possibl,3160
wholesal,3161
integr,3162
affect,3163
convers,3164
ingredi,3165
hyena,3166
mathemat,3167
nine,3168
paradox,3169
paul,3170
chancellor,3171
nice,3172
solvent,3173
threadneedl,3174
brighton,3175
wrong,3176
road,3177
along,3178
harder,3179
unforese,3180
sudden,3181
undergo,3182
vari,3183
bleak,3184
publicis,3185
dmo,3186
hallmark,3187
tuition,3188
code,3189
probabl,3190
tractabl,3191
former,3192
guarante,3193
eu,3194
simultan,3195
written,3196
backstop,3197
alway,3198
mechan,3199
precis,3200
fl,3201
debt,3202
coalesc,3203
exempt,3204
penal,3205
assumpt,3206
steep,3207
ltv,3208
crash,3209
bottleneck,3210
comparison,3211
handi,3212
multilater,3213
ephemer,3214
biggest,3215
interestingli,3216
sheer,3217
intermedi,3218
bimod,3219
fluid,3220
moral,3221
scarc,3222
democrat,3223
distanc,3224
influenc,3225
unsold,3226
accident,3227
clearer,3228
shop,3229
fpc,3230
expand,3231
solv,3232
smooth,3233
minor,3234
bundesbank,3235
politician,3236
varieti,3237
behav,3238
hindsight,3239
sting,3240
twelv,3241
harmonis,3242
impos,3243
meagr,3244
digit,3245
vertic,3246
let,3247
truli,3248
unwis,3249
wield,3250
distinguish,3251
sketch,3252
men,3253
climat,3254
buffer,3255
bulk,3256
storm,3257
bizarr,3258
decid,3259
deliv,3260
attain,3261
test,3262
multipl,3263
hate,3264
purport,3265
tweak,3266
statist,3267
left,3268
sad,3269
blind,3270
routin,3271
justifi,3272
layer,3273
common,3274
reliev,3275
commiss,3276
quantiti,3277
lose,3278
humil,3279
forc,3280
mess,3281
intervent,3282
steam,3283
sympathi,3284
alex,3285
royal,3286
quick,3287
disconnect,3288
monetis,3289
fring,3290
recycl,3291
correspond,3292
stupid,3293
format,3294
talk,3295
thereaft,3296
recoveri,3297
car,3298
maximis,3299
ponder,3300
discrep,3301
absorb,3302
mad,3303
withdraw,3304
minim,3305
older,3306
reckless,3307
known,3308
vicker,3309
fan,3310
consumpt,3311
run,3312
hope,3313
odd,3314
stand,3315
chri,3316
expert,3317
gender,3318
soft,3319
storag,3320
soon,3321
disappoint,3322
focus,3323
member,3324
secur,3325
blanchflow,3326
wheatley,3327
unpredict,3328
conservat,3329
ongo,3330
opposit,3331
fall,3332
spend,3333
broaden,3334
stack,3335
dilig,3336
korea,3337
wednesday,3338
snow,3339
fit,3340
broadest,3341
blend,3342
microstructur,3343
chicken,3344
version,3345
convey,3346
broadbent,3347
unsecur,3348
handicap,3349
adject,3350
repric,3351
analyst,3352
adult,3353
circl,3354
briefli,3355
harm,3356
jenni,3357
resumpt,3358
grow,3359
worth,3360
amplif,3361
uninfluenc,3362
substitut,3363
especi,3364
huge,3365
basket,3366
strip,3367
step,3368
option,3369
bring,3370
twice,3371
prone,3372
complac,3373
attun,3374
tocom,3375
lower,3376
prospect,3377
dug,3378
foreseen,3379
provok,3380
coincident,3381
rapid,3382
decompos,3383
unwil,3384
special,3385
boardroom,3386
overshoot,3387
fallaci,3388
recur,3389
modal,3390
share,3391
piec,3392
femal,3393
occas,3394
falter,3395
filter,3396
portug,3397
flow,3398
underpaid,3399
scope,3400
lincoln,3401
sectori,3402
purpos,3403
peer,3404
highli,3405
irrespons,3406
trillion,3407
hesit,3408
prelud,3409
ramsden,3410
insid,3411
benign,3412
theoret,3413
goal,3414
mean,3415
positon,3416
furnitur,3417
scientif,3418
escap,3419
issuer,3420
peopl,3421
agenda,3422
tempt,3423
presumpt,3424
implicitli,3425
stabilis,3426
consider,3427
hot,3428
bill,3429
bunch,3430
hint,3431
may,3432
disadvantag,3433
felt,3434
portfolio,3435
destin,3436
learn,3437
fashion,3438
useless,3439
stop,3440
court,3441
financi,3442
discu,3443
conveni,3444
exacerb,3445
steeper,3446
appropri,3447
intersect,3448
pose,3449
closur,3450
fluctuat,3451
fret,3452
cent,3453
intern,3454
month,3455
administ,3456
inevit,3457
although,3458
transform,3459
leader,3460
smith,3461
newcastl,3462
ball,3463
pretend,3464
indebt,3465
compet,3466
veloc,3467
changer,3468
wrongdo,3469
clad,3470
foolish,3471
toolbox,3472
harvest,3473
kick,3474
live,3475
public,3476
distress,3477
ticket,3478
outturn,3479
predic,3480
theuk,3481
context,3482
wwo,3483
apologis,3484
noisi,3485
join,3486
advic,3487
indirectli,3488
personalis,3489
oblig,3490
abat,3491
rtg,3492
anyon,3493
often,3494
behalf,3495
rachel,3496
uncomfort,3497
repeat,3498
stretch,3499
echelon,3500
critic,3501
untyp,3502
frame,3503
ratio,3504
emili,3505
claimant,3506
page,3507
mass,3508
studi,3509
reconnect,3510
echo,3511
nexu,3512
degre,3513
alleg,3514
wobbl,3515
document,3516
histor,3517
market,3518
notabl,3519
perspect,3520
gear,3521
urgent,3522
defi,3523
catch,3524
sure,3525
input,3526
alli,3527
tour,3528
forth,3529
pinch,3530
sat,3531
background,3532
induc,3533
stylis,3534
season,3535
visit,3536
dynam,3537
compat,3538
jack,3539
add,3540
hike,3541
depress,3542
august,3543
unabl,3544
fine,3545
contributori,3546
unconvent,3547
compani,3548
third,3549
breadth,3550
discrimin,3551
solvenc,3552
told,3553
untransfer,3554
broadli,3555
canadian,3556
promin,3557
voic,3558
pension,3559
myth,3560
west,3561
can,3562
lehman,3563
bumpi,3564
sentiment,3565
someth,3566
book,3567
proceed,3568
dissent,3569
optimist,3570
independ,3571
unwind,3572
resil,3573
exagger,3574
imped,3575
eas,3576
salt,3577
princip,3578
depend,3579
undoubtedli,3580
american,3581
undercapitalis,3582
jag,3583
unexplain,3584
worri,3585
clueless,3586
imf,3587
grown,3588
attack,3589
conclud,3590
everybodi,3591
ltro,3592
undu,3593
cooper,3594
strongli,3595
pari,3596
offset,3597
becam,3598
homogen,3599
aw,3600
suggest,3601
connect,3602
keyn,3603
block,3604
super,3605
untrad,3606
despit,3607
cleaner,3608
react,3609
limit,3610
prudent,3611
proce,3612
town,3613
deni,3614
tandem,3615
teach,3616
toolkit,3617
mp,3618
sympathis,3619
indic,3620
encourag,3621
dilemma,3622
move,3623
nairu,3624
neglect,3625
implicit,3626
personnel,3627
deviat,3628
recaptur,3629
pittsburgh,3630
envis,3631
tailor,3632
riskier,3633
inertia,3634
overview,3635
fantast,3636
reciproc,3637
ground,3638
restrict,3639
discount,3640
entir,3641
symmetr,3642
graph,3643
foresight,3644
light,3645
fullest,3646
sweet,3647
kept,3648
trap,3649
wise,3650
reaffirm,3651
compress,3652
caught,3653
backcast,3654
spell,3655
headlin,3656
key,3657
diagnost,3658
notion,3659
smoother,3660
everywher,3661
suddenli,3662
produc,3663
awar,3664
calendar,3665
mae,3666
surprisingli,3667
hurdl,3668
strictli,3669
reassert,3670
bump,3671
power,3672
perhap,3673
inaccess,3674
tune,3675
loop,3676
highest,3677
resort,3678
unimport,3679
westminst,3680
metal,3681
leg,3682
beneath,3683
examin,3684
littl,3685
pinpoint,3686
purchas,3687
disciplinari,3688
manoeuvr,3689
might,3690
path,3691
perfectli,3692
retir,3693
agreeabl,3694
misinterpret,3695
expansionari,3696
earlier,3697
blip,3698
rough,3699
jointli,3700
mostli,3701
seventeen,3702
flex,3703
anecdot,3704
permit,3705
massiv,3706
distribut,3707
reach,3708
urgenc,3709
prevent,3710
econometr,3711
aid,3712
moni,3713
neglig,3714
deliber,3715
contour,3716
displac,3717
relev,3718
earn,3719
translat,3720
wade,3721
entrench,3722
cushion,3723
normal,3724
mimic,3725
ecj,3726
tourism,3727
sincer,3728
ex,3729
optim,3730
creativ,3731
fail,3732
troubl,3733
opt,3734
tear,3735
solid,3736
unanim,3737
treatment,3738
erod,3739
asymmetr,3740
coordin,3741
thu,3742
stabl,3743
terribl,3744
intens,3745
temptat,3746
empti,3747
pcae,3748
ischart,3749
anniversari,3750
finland,3751
feed,3752
slight,3753
price,3754
fortun,3755
jeremi,3756
cutback,3757
tf,3758
captur,3759
channel,3760
phil,3761
increment,3762
stagnant,3763
lo,3764
blindli,3765
avoid,3766
job,3767
secretari,3768
origin,3769
draghi,3770
inflow,3771
harri,3772
incumb,3773
silli,3774
mismatch,3775
introduct,3776
devalu,3777
econom,3778
movement,3779
forgiv,3780
funder,3781
repli,3782
rang,3783
whichev,3784
chair,3785
specialis,3786
resourc,3787
data,3788
loosen,3789
ht,3790
flatten,3791
product,3792
spot,3793
recessionari,3794
sinta,3795
paragraph,3796
fund,3797
scandinavian,3798
deceler,3799
transpar,3800
black,3801
repris,3802
demerit,3803
proport,3804
express,3805
bulletin,3806
narrow,3807
premis,3808
holiday,3809
slow,3810
weakest,3811
impair,3812
dot,3813
underli,3814
etern,3815
consortium,3816
alright,3817
experi,3818
school,3819
uptak,3820
congest,3821
glad,3822
readjust,3823
alistair,3824
inclin,3825
select,3826
intend,3827
bought,3828
secular,3829
pro,3830
bloomberg,3831
rain,3832
cabl,3833
overnight,3834
fifth,3835
dali,3836
subsidi,3837
pass,3838
assum,3839
cannotimagin,3840
compris,3841
recuper,3842
strauss,3843
tension,3844
soften,3845
finalis,3846
sale,3847
realloc,3848
undisturb,3849
provoc,3850
approxim,3851
bound,3852
equival,3853
underwrit,3854
organis,3855
momentarili,3856
unmention,3857
took,3858
surveil,3859
synchronis,3860
kahn,3861
front,3862
fairli,3863
lord,3864
barbel,3865
dramat,3866
aggress,3867
amelior,3868
dispers,3869
gilt,3870
unblock,3871
germani,3872
sampl,3873
check,3874
welcom,3875
tangibl,3876
artefact,3877
reconcil,3878
ambiti,3879
neutralis,3880
permiss,3881
ride,3882
demur,3883
australia,3884
elast,3885
onward,3886
opin,3887
align,3888
thefact,3889
durabl,3890
hard,3891
upper,3892
perform,3893
clamp,3894
bet,3895
misfortun,3896
conjunctur,3897
denomin,3898
effect,3899
problem,3900
thursday,3901
recalcul,3902
rb,3903
stratospher,3904
natur,3905
clippabl,3906
specul,3907
push,3908
cite,3909
afoot,3910
culmin,3911
flick,3912
manifest,3913
instead,3914
duncan,3915
bucket,3916
euro,3917
unattribut,3918
ruler,3919
give,3920
shoot,3921
polaris,3922
variat,3923
worsen,3924
precondit,3925
decreas,3926
respond,3927
extrapol,3928
inflationari,3929
overhang,3930
fisher,3931
correl,3932
speech,3933
god,3934
tuc,3935
overeg,3936
underlay,3937
speedi,3938
highlight,3939
onto,3940
unfair,3941
everyth,3942
sentenc,3943
errat,3944
televis,3945
recal,3946
preposit,3947
understood,3948
circumst,3949
differ,3950
sizabl,3951
mario,3952
mothbal,3953
implic,3954
alongsid,3955
rais,3956
group,3957
extens,3958
meant,3959
camera,3960
win,3961
prevail,3962
float,3963
matter,3964
preciou,3965
patch,3966
virtual,3967
confirm,3968
speed,3969
attent,3970
reopen,3971
unfett,3972
brethren,3973
catherin,3974
intang,3975
duti,3976
pra,3977
bang,3978
quantit,3979
edg,3980
relat,3981
turnov,3982
resid,3983
commit,3984
proven,3985
boy,3986
wind,3987
dozen,3988
wildli,3989
illiquid,3990
thank,3991
player,3992
januari,3993
upward,3994
sir,3995
thread,3996
deal,3997
tsc,3998
protect,3999
jackson,4000
wake,4001
barclay,4002
million,4003
project,4004
redoubl,4005
true,4006
tie,4007
attend,4008
chosen,4009
downsid,4010
contribut,4011
free,4012
splendid,4013
decad,4014
good,4015
crisi,4016
suppos,4017
regardless,4018
terminolog,4019
promis,4020
ecb,4021
method,4022
formul,4023
mang,4024
wherev,4025
conceiv,4026
equip,4027
virul,4028
pair,4029
academ,4030
akin,4031
cattl,4032
egg,4033
transmiss,4034
white,4035
envisag,4036
spirit,4037
unattend,4038
jon,4039
asymmetri,4040
currenc,4041
immun,4042
list,4043
overh,4044
centralpath,4045
pure,4046
evan,4047
prime,4048
exampl,4049
shade,4050
eat,4051
shore,4052
signal,4053
find,4054
iosco,4055
intermin,4056
lifetim,4057
transpir,4058
programm,4059
belief,4060
gain,4061
theme,4062
ccyb,4063
end,4064
renegoti,4065
recognit,4066
drawn,4067
stephani,4068
explain,4069
underlin,4070
inflex,4071
twist,4072
assist,4073
mast,4074
compromis,4075
quadrupl,4076
factori,4077
elaps,4078
metric,4079
forward,4080
stagger,4081
spain,4082
driver,4083
overlay,4084
fanni,4085
decri,4086
abut,4087
fritter,4088
invari,4089
merit,4090
dampen,4091
eloqu,4092
economi,4093
cunliff,4094
subdu,4095
debtor,4096
east,4097
outsid,4098
overwhelmingli,4099
candour,4100
allud,4101
mayhem,4102
snapshot,4103
slipperi,4104
upfront,4105
novemb,4106
cool,4107
reinvest,4108
understat,4109
restraint,4110
slack,4111
expans,4112
sluggish,4113
demograph,4114
specifi,4115
factual,4116
wood,4117
plea,4118
preoccupi,4119
newspap,4120
balanc,4121
lowest,4122
banker,4123
hazard,4124
gross,4125
messi,4126
recurs,4127
pointless,4128
recess,4129
concurr,4130
rout,4131
ricardian,4132
maintain,4133
tyri,4134
dispel,4135
eventu,4136
ten,4137
whittl,4138
trail,4139
death,4140
imping,4141
ident,4142
threaten,4143
weekend,4144
came,4145
traction,4146
cast,4147
undo,4148
subscrib,4149
pmi,4150
impressionist,4151
hold,4152
gotten,4153
