crop,0
cover,1
incumb,2
elev,3
reap,4
foreclosur,5
reservoir,6
cent,7
precrisi,8
column,9
check,10
form,11
brick,12
environ,13
ineffici,14
mix,15
barley,16
gile,17
registr,18
declin,19
outlin,20
revolv,21
invad,22
review,23
anyth,24
heat,25
resal,26
thu,27
rise,28
pathfind,29
funni,30
shut,31
uncov,32
impass,33
levi,34
type,35
ponder,36
mori,37
interconnected,38
group,39
viii,40
commenc,41
avers,42
misleadingli,43
repeal,44
six,45
underrecord,46
gold,47
moor,48
west,49
nash,50
centr,51
anytim,52
step,53
easili,54
text,55
scarcer,56
armouri,57
administr,58
misinterpret,59
manpow,60
amount,61
differ,62
relief,63
edific,64
hardwar,65
pain,66
bust,67
mexican,68
lambert,69
de,70
pronounc,71
licenc,72
reportdescrib,73
wrap,74
list,75
magnifi,76
front,77
remind,78
fiction,79
statistician,80
alter,81
wheat,82
swing,83
trip,84
littl,85
brent,86
shorter,87
saudi,88
tend,89
empir,90
despit,91
basi,92
deadlin,93
properti,94
emir,95
lacklustr,96
beforehand,97
wealthi,98
hinder,99
timer,100
expir,101
protein,102
origin,103
populu,104
stimulu,105
kate,106
underpr,107
payout,108
unincorpor,109
snowfal,110
deep,111
overlap,112
bring,113
itstil,114
abid,115
compil,116
moni,117
chiefli,118
courag,119
individu,120
polit,121
backcast,122
scrutini,123
riksbank,124
hazi,125
upturn,126
rodger,127
spuriou,128
barnier,129
formerli,130
overemphasis,131
examin,132
niño,133
iceland,134
virtu,135
justifi,136
endow,137
simpl,138
connect,139
priori,140
midland,141
headwind,142
stake,143
anniversari,144
widespread,145
fade,146
uniform,147
stream,148
proce,149
underus,150
santand,151
resembl,152
spelt,153
wale,154
gcse,155
obtain,156
child,157
hollow,158
liquid,159
afghanistan,160
bulk,161
unobserv,162
financialsector,163
sonia,164
kpmg,165
estat,166
unif,167
jame,168
togeth,169
foundat,170
address,171
forese,172
fret,173
minouch,174
nickel,175
errat,176
generalis,177
sourc,178
separ,179
came,180
overrid,181
turkey,182
suggest,183
mothbal,184
sinta,185
standstil,186
understand,187
ecj,188
nh,189
repair,190
avian,191
bean,192
venezuela,193
oddli,194
carney,195
spars,196
accomplish,197
restaur,198
territori,199
score,200
embark,201
blue,202
baromet,203
reportgiven,204
contract,205
formula,206
ground,207
fuss,208
whist,209
eas,210
drawback,211
enforc,212
variant,213
funder,214
novemb,215
revolut,216
insist,217
nine,218
unravel,219
influenti,220
wari,221
unus,222
hike,223
energi,224
utilis,225
bomb,226
misl,227
falter,228
carpet,229
pocket,230
underlin,231
arabl,232
cannotimagin,233
sympathi,234
internalandexternalindebtednesscouldintensifi,235
libor,236
consist,237
pwc,238
sentenc,239
divert,240
tast,241
smallcap,242
royalti,243
tri,244
undo,245
plu,246
bbc,247
post,248
riskier,249
afresh,250
plate,251
sharp,252
weekend,253
board,254
sharper,255
transient,256
realm,257
scentral,258
unspent,259
unearn,260
encephalopathi,261
option,262
scene,263
honda,264
counter,265
particular,266
polici,267
nmg,268
pervers,269
deter,270
underemploy,271
stringent,272
buyer,273
uncondit,274
newli,275
paradox,276
discern,277
practic,278
plummet,279
advic,280
panic,281
beveridg,282
drawdown,283
divid,284
nation,285
erm,286
gender,287
cull,288
cotton,289
deepest,290
stack,291
hugo,292
flame,293
majesti,294
reinterpret,295
amass,296
nois,297
dealership,298
herald,299
outset,300
resolv,301
stem,302
gordon,303
shall,304
theintern,305
hadth,306
naiv,307
meantim,308
elimin,309
indonesia,310
henc,311
mother,312
jan,313
permiss,314
mismatch,315
indictor,316
patent,317
drug,318
thailand,319
westminst,320
facilit,321
intact,322
stray,323
caveat,324
asymmetri,325
updat,326
stratospher,327
langel,328
orient,329
citizen,330
vendor,331
reclaim,332
instruct,333
rollov,334
dearth,335
veget,336
sniffi,337
cohort,338
tier,339
neither,340
eloqu,341
suppos,342
shift,343
reorient,344
tangibl,345
wealth,346
distinct,347
temper,348
propens,349
enorm,350
walk,351
align,352
closest,353
imper,354
capitalis,355
transact,356
road,357
trigger,358
run,359
trust,360
hit,361
deflationari,362
emu,363
straddl,364
cyclon,365
disturb,366
unleash,367
seri,368
woke,369
intensifi,370
hate,371
domest,372
obviou,373
dti,374
hint,375
overdraft,376
print,377
preliminari,378
nich,379
watch,380
blip,381
purpl,382
lowest,383
weimar,384
deutsh,385
human,386
snow,387
refer,388
conscious,389
rescal,390
octob,391
fat,392
loav,393
owner,394
trendssurvey,395
overwhelm,396
spend,397
preposit,398
viewer,399
causal,400
reopen,401
wield,402
blow,403
euribor,404
flu,405
smash,406
destruct,407
inconsist,408
wronger,409
predetermin,410
reveal,411
increas,412
sewerag,413
distinguish,414
blown,415
incompat,416
partnership,417
tobin,418
lesser,419
governingcouncil,420
renminbi,421
clearer,422
overmortgag,423
outright,424
modestli,425
eri,426
brake,427
shorthand,428
appl,429
gateshead,430
amplif,431
regulatori,432
nicer,433
nuclear,434
significantli,435
nmw,436
undertook,437
arab,438
rebuild,439
prohibit,440
question,441
ccl,442
landmark,443
dot,444
omt,445
capabl,446
deputi,447
peak,448
glass,449
chart,450
golden,451
impend,452
readjust,453
partli,454
outlay,455
tenfold,456
taiwan,457
reactiv,458
bobbl,459
economistdollar,460
lynch,461
summer,462
destroy,463
memoir,464
ministri,465
shown,466
devot,467
sober,468
maintain,469
lord,470
guarante,471
advanc,472
uneven,473
receipt,474
tomorrow,475
finland,476
ex,477
genom,478
therefor,479
cpiy,480
prop,481
agre,482
eros,483
wage,484
thoroughli,485
jurisdict,486
dilemma,487
reportsthat,488
understood,489
satisfi,490
routin,491
housebuild,492
wednesday,493
credit,494
southern,495
grabin,496
far,497
redeem,498
usag,499
plea,500
nasti,501
confid,502
coal,503
swap,504
tfp,505
synchronis,506
rundown,507
input,508
bandi,509
seventi,510
singularli,511
public,512
pervas,513
galloway,514
curtail,515
particularli,516
gravit,517
fed,518
confus,519
reduct,520
paragraph,521
openli,522
posen,523
andi,524
data,525
simultan,526
grate,527
costlier,528
rationalis,529
camp,530
trajectori,531
news,532
ramif,533
wash,534
wed,535
consequ,536
overal,537
qualif,538
presumpt,539
undi,540
irrevers,541
ratio,542
safeti,543
raw,544
vehicl,545
pmi,546
furthermor,547
fall,548
achiev,549
xperthr,550
jennif,551
power,552
compromis,553
found,554
trade,555
rank,556
around,557
margin,558
unschedul,559
apt,560
se,561
explor,562
chemic,563
redempt,564
allevi,565
steep,566
geopolit,567
milder,568
cushion,569
motiv,570
mispercept,571
robust,572
discrimin,573
tendenc,574
heavier,575
diagram,576
wwo,577
rescu,578
dramat,579
fridg,580
race,581
manual,582
specul,583
coalesc,584
crystal,585
homeown,586
fruit,587
caixin,588
overdu,589
boj,590
patch,591
fine,592
unadjust,593
disburs,594
caricatur,595
exet,596
reportuk,597
tremend,598
actual,599
draghi,600
cleverli,601
hfi,602
besid,603
immens,604
drawn,605
opinion,606
saw,607
mira,608
transitori,609
unlock,610
tail,611
spare,612
nop,613
magenta,614
global,615
crude,616
stasi,617
logist,618
stay,619
elaps,620
massiv,621
zenith,622
stagger,623
straightaway,624
cheap,625
straban,626
tight,627
quasi,628
irrespons,629
alcohol,630
implaus,631
establish,632
past,633
serious,634
ofi,635
gloriou,636
passion,637
ilo,638
terrorist,639
resist,640
albeit,641
regul,642
risen,643
secondli,644
lengthi,645
reign,646
downturn,647
label,648
district,649
twist,650
apac,651
wedg,652
ian,653
missel,654
navig,655
handov,656
physic,657
encapsul,658
assum,659
similar,660
matur,661
prefix,662
brown,663
macroeconomi,664
sap,665
variou,666
unromant,667
reemphasis,668
third,669
cre,670
ecov,671
occasion,672
absorpt,673
sensit,674
breakeven,675
classic,676
secur,677
maff,678
payabl,679
culmin,680
fan,681
prize,682
cashflow,683
endur,684
campaign,685
overspend,686
trebl,687
sfebruari,688
goal,689
brethren,690
contact,691
april,692
inaugust,693
everybodi,694
ht,695
worn,696
street,697
elgin,698
suscept,699
foresight,700
historian,701
retrac,702
joint,703
effici,704
refinanc,705
music,706
db,707
entitl,708
zinc,709
display,710
pose,711
widen,712
reporton,713
charter,714
freez,715
parliamentari,716
bang,717
confer,718
conspir,719
access,720
action,721
penetr,722
clariti,723
fewer,724
evit,725
euroyen,726
vulner,727
pittsburgh,728
initi,729
pleasur,730
taxonomi,731
big,732
stymi,733
advertis,734
last,735
fuel,736
frailti,737
background,738
sail,739
contradictori,740
sugar,741
reintroduct,742
don,743
twitter,744
recoup,745
paulson,746
conclud,747
stand,748
sentiment,749
revalu,750
fomc,751
sipp,752
shadow,753
beef,754
switch,755
cash,756
reneg,757
lend,758
older,759
noreena,760
broader,761
extens,762
leg,763
end,764
moreov,765
uninfluenc,766
implic,767
denmark,768
underfund,769
unimport,770
introduc,771
congreg,772
minimum,773
radar,774
improp,775
mop,776
imposit,777
disincent,778
train,779
sharpest,780
backward,781
iran,782
alsoappear,783
often,784
facet,785
ride,786
row,787
immin,788
admir,789
plagu,790
upheav,791
quantiti,792
outrag,793
penzanc,794
prime,795
vat,796
hungari,797
brighton,798
linear,799
worst,800
engin,801
mark,802
green,803
ivori,804
unsuccess,805
sum,806
unresolv,807
librari,808
largish,809
bargain,810
dodg,811
insensit,812
contagion,813
provis,814
prospect,815
outbreak,816
squar,817
matter,818
gosh,819
ongo,820
eighteen,821
dollar,822
fresh,823
trail,824
firmli,825
necessarili,826
publicis,827
heavi,828
barker,829
nascent,830
semant,831
fsb,832
court,833
distract,834
inclin,835
zimbabwean,836
statutorili,837
money,838
tn,839
andrew,840
rebas,841
onu,842
manchest,843
migrat,844
portug,845
bit,846
mario,847
evan,848
fortnight,849
withdraw,850
interestingli,851
greatest,852
ict,853
meat,854
convincingli,855
certainti,856
match,857
council,858
treat,859
myriad,860
clip,861
gain,862
bite,863
coordin,864
eve,865
teen,866
interplay,867
refug,868
undrawn,869
mind,870
versu,871
unhedg,872
biofuel,873
evidenc,874
strength,875
confirm,876
precipit,877
tribut,878
slump,879
fare,880
exploratori,881
onstream,882
deepli,883
chicken,884
earlier,885
season,886
unlik,887
isol,888
decri,889
misfortun,890
abil,891
diametr,892
cob,893
concept,894
therein,895
meagr,896
shine,897
unsold,898
refresh,899
posit,900
awe,901
hicp,902
unrepres,903
kept,904
neutralis,905
unchang,906
geograph,907
novca,908
administ,909
flintoff,910
certainli,911
wade,912
svr,913
oscil,914
rainfal,915
teeth,916
growsfast,917
foretel,918
romania,919
burgeon,920
enlarg,921
inflationreport,922
economis,923
proxi,924
partner,925
banner,926
co,927
emili,928
wti,929
interconnector,930
yearli,931
histori,932
bundesbank,933
textil,934
forthcom,935
essenti,936
foreclos,937
soft,938
hear,939
without,940
transpar,941
turndown,942
requisit,943
disappoint,944
alleg,945
unforese,946
rare,947
whose,948
sheep,949
transmiss,950
mail,951
longest,952
infrequ,953
clarifi,954
accuraci,955
shrunk,956
inroad,957
spectr,958
assert,959
deem,960
book,961
forgiv,962
sketch,963
factor,964
dozen,965
remot,966
coincident,967
black,968
sixti,969
specialis,970
start,971
improb,972
adject,973
deepen,974
broad,975
nhbc,976
crowd,977
nigerian,978
swath,979
unabash,980
independ,981
ieo,982
downward,983
nairu,984
auction,985
told,986
disorderli,987
potent,988
meaning,989
fame,990
link,991
residenti,992
risk,993
princess,994
superl,995
privatis,996
inform,997
stiglitz,998
fraudster,999
influenc,1000
deck,1001
rural,1002
abandon,1003
manoeuvr,1004
fritter,1005
mass,1006
misrepres,1007
driven,1008
overwhelmingli,1009
thumb,1010
region,1011
equat,1012
monday,1013
calmer,1014
push,1015
underw,1016
erod,1017
benefici,1018
demonstr,1019
offer,1020
gave,1021
rig,1022
regener,1023
mystiqu,1024
storag,1025
underrepres,1026
closer,1027
expos,1028
stylis,1029
tsunami,1030
english,1031
threw,1032
tradabl,1033
episod,1034
italian,1035
pickup,1036
icpf,1037
scheme,1038
nineti,1039
cultur,1040
envelop,1041
mute,1042
factori,1043
zeebrugg,1044
pump,1045
sale,1046
agreement,1047
tabloid,1048
clementi,1049
somehow,1050
offshor,1051
pilot,1052
toler,1053
indexlink,1054
tenuou,1055
linkag,1056
cheaper,1057
unbias,1058
fourteen,1059
adopt,1060
ec,1061
fr,1062
render,1063
engend,1064
mexico,1065
rais,1066
embrac,1067
froth,1068
fun,1069
dose,1070
tumbl,1071
pent,1072
supplier,1073
observ,1074
preceed,1075
semi,1076
ventur,1077
pbr,1078
command,1079
grand,1080
disturbingli,1081
grew,1082
pre,1083
dome,1084
insuffici,1085
ofinfl,1086
attitud,1087
lost,1088
subsidis,1089
annum,1090
anxieti,1091
sub,1092
exercis,1093
perish,1094
liver,1095
learnt,1096
interrog,1097
studi,1098
judg,1099
continent,1100
tank,1101
insight,1102
russian,1103
dug,1104
acur,1105
sensibl,1106
tale,1107
gc,1108
seven,1109
arrear,1110
balgzand,1111
coeffici,1112
document,1113
overestim,1114
unexpectedli,1115
exploit,1116
disaggreg,1117
london,1118
disciplinari,1119
chamber,1120
deprec,1121
behav,1122
countrysid,1123
inconclus,1124
charact,1125
someon,1126
distanc,1127
reflect,1128
admittedli,1129
must,1130
presidenti,1131
invert,1132
ecu,1133
liais,1134
recruit,1135
harri,1136
therebi,1137
overlook,1138
identifi,1139
reviv,1140
tenant,1141
pot,1142
proposit,1143
fring,1144
accru,1145
scale,1146
devon,1147
though,1148
paperwork,1149
mansion,1150
tournament,1151
afterward,1152
onlin,1153
safer,1154
bedtim,1155
pall,1156
stage,1157
denot,1158
chri,1159
major,1160
coupon,1161
driver,1162
block,1163
somewhat,1164
unreliableguid,1165
ensur,1166
themat,1167
quantit,1168
method,1169
taught,1170
patient,1171
bristol,1172
affect,1173
turbul,1174
draft,1175
conservat,1176
taxben,1177
patchi,1178
answer,1179
left,1180
notaidclarityofthoughtintheendbi,1181
latterli,1182
parmalat,1183
disentangl,1184
thorough,1185
precondit,1186
divest,1187
doom,1188
agenda,1189
took,1190
mimic,1191
bovin,1192
exuber,1193
stricter,1194
premier,1195
quicken,1196
wheel,1197
coher,1198
sunk,1199
exposur,1200
strateg,1201
rubbish,1202
eventu,1203
transport,1204
kamal,1205
interpol,1206
guevara,1207
lesson,1208
amalgam,1209
fish,1210
theuk,1211
nullifi,1212
sharpli,1213
compos,1214
valentin,1215
timefram,1216
eb,1217
angl,1218
sip,1219
revers,1220
ir,1221
subcategori,1222
passeng,1223
cereal,1224
creditworthi,1225
sponsor,1226
annex,1227
referenc,1228
bought,1229
week,1230
bureaucrat,1231
leas,1232
usabl,1233
kuwait,1234
dissolut,1235
outflow,1236
inclement,1237
network,1238
mood,1239
approxim,1240
thousand,1241
ignor,1242
yardstick,1243
fair,1244
ip,1245
later,1246
changer,1247
republ,1248
bout,1249
born,1250
breadth,1251
reinstat,1252
ahead,1253
contempl,1254
cheapli,1255
mend,1256
previou,1257
subsector,1258
clear,1259
darkest,1260
franc,1261
wider,1262
interwoven,1263
preval,1264
drip,1265
legaci,1266
bread,1267
communiqu,1268
overvalu,1269
audio,1270
overstat,1271
ladder,1272
halifax,1273
gloucest,1274
agenc,1275
unbalanc,1276
live,1277
suddenli,1278
aa,1279
steadi,1280
climb,1281
tip,1282
toolbox,1283
announc,1284
safe,1285
air,1286
fee,1287
built,1288
assign,1289
pension,1290
promis,1291
thursday,1292
cipfa,1293
silli,1294
foreshadow,1295
atth,1296
escap,1297
brush,1298
uneasili,1299
ambiti,1300
blackout,1301
stall,1302
twin,1303
depart,1304
unconstrain,1305
bloom,1306
incept,1307
compliment,1308
lent,1309
regret,1310
simplic,1311
lcr,1312
twelv,1313
voluntari,1314
pangloss,1315
close,1316
dissav,1317
mmr,1318
packag,1319
pois,1320
may,1321
markedli,1322
keynesian,1323
bucket,1324
shallow,1325
virul,1326
irish,1327
among,1328
stagnant,1329
felt,1330
deleverag,1331
magnitud,1332
dare,1333
affair,1334
unsustain,1335
beverag,1336
seminar,1337
prepay,1338
hourli,1339
emphasis,1340
durabl,1341
basket,1342
commit,1343
devast,1344
die,1345
inact,1346
lpc,1347
repatri,1348
merger,1349
recollect,1350
eleven,1351
simon,1352
lti,1353
counterpart,1354
map,1355
reach,1356
thicker,1357
deplet,1358
unoccupi,1359
imput,1360
fifth,1361
turn,1362
boe,1363
rocket,1364
qualiti,1365
reporthad,1366
sleep,1367
discret,1368
scienc,1369
arrang,1370
problem,1371
wide,1372
employe,1373
complet,1374
indymac,1375
stress,1376
organis,1377
packet,1378
build,1379
declar,1380
dispens,1381
gross,1382
rough,1383
characterist,1384
unanim,1385
due,1386
juri,1387
immigr,1388
bedroom,1389
homeownership,1390
disappear,1391
statut,1392
housekeep,1393
tell,1394
elus,1395
reportwer,1396
stronger,1397
gentler,1398
inth,1399
swamp,1400
intellectu,1401
collar,1402
vigor,1403
richard,1404
mysteri,1405
netherland,1406
consortium,1407
mfr,1408
blindli,1409
forg,1410
contractu,1411
graphic,1412
exit,1413
deregul,1414
dark,1415
undergo,1416
tripl,1417
sticki,1418
experi,1419
undergon,1420
sanction,1421
stranger,1422
offend,1423
contemporan,1424
tim,1425
surveyha,1426
microstructur,1427
microphon,1428
bar,1429
backdat,1430
underground,1431
chines,1432
oil,1433
smooth,1434
comprehens,1435
enabl,1436
concert,1437
entireti,1438
testifi,1439
portion,1440
preannounc,1441
sign,1442
jeremi,1443
gva,1444
betweenjuli,1445
main,1446
treasur,1447
tool,1448
claimant,1449
shortli,1450
remain,1451
sophist,1452
fool,1453
maiz,1454
counterbal,1455
farewel,1456
bunch,1457
anyway,1458
nie,1459
bidder,1460
joe,1461
sort,1462
subgroup,1463
fullest,1464
pork,1465
candidli,1466
circul,1467
microeconom,1468
trend,1469
remark,1470
fill,1471
bellweth,1472
fist,1473
frontier,1474
staff,1475
exceedsthat,1476
unprofit,1477
relat,1478
persist,1479
excel,1480
hi,1481
awaken,1482
full,1483
suitabl,1484
mislead,1485
novemberreport,1486
trap,1487
plant,1488
cabl,1489
punch,1490
conjectur,1491
roundabout,1492
sudden,1493
piec,1494
know,1495
heavili,1496
version,1497
cleanli,1498
send,1499
foster,1500
implicit,1501
elabor,1502
bse,1503
counterfactu,1504
britain,1505
weakli,1506
pessim,1507
darl,1508
proport,1509
compon,1510
duplic,1511
cypriot,1512
helia,1513
batsmen,1514
methodolog,1515
aggress,1516
barbel,1517
claw,1518
europ,1519
subcompon,1520
unpredict,1521
equilibrium,1522
ramsden,1523
debit,1524
leakag,1525
deliveri,1526
wholli,1527
detach,1528
gfk,1529
diplomat,1530
dearer,1531
internalis,1532
joy,1533
reaffirm,1534
scientif,1535
muddi,1536
paramet,1537
soundli,1538
surfac,1539
messi,1540
nervou,1541
asdiscussedinrecentreport,1542
opec,1543
appreci,1544
deserv,1545
wto,1546
case,1547
technolog,1548
japanes,1549
leader,1550
whatsoev,1551
hallmark,1552
auto,1553
citigroup,1554
genuin,1555
catalogu,1556
curv,1557
interdepartment,1558
outlook,1559
thirteen,1560
soya,1561
urgenc,1562
carrier,1563
counterbalanc,1564
boil,1565
pursuit,1566
landlord,1567
argentinian,1568
aficionado,1569
skew,1570
redenomin,1571
disclos,1572
band,1573
bell,1574
unrealist,1575
women,1576
slowest,1577
foremost,1578
depreci,1579
fmd,1580
workload,1581
hidden,1582
fta,1583
twenti,1584
distress,1585
articl,1586
hood,1587
cricket,1588
cocoa,1589
adjac,1590
overse,1591
thin,1592
function,1593
merit,1594
carta,1595
upbeat,1596
inflow,1597
inaccess,1598
numer,1599
hamper,1600
regular,1601
focuss,1602
prelud,1603
largest,1604
disinflationari,1605
borrow,1606
subtract,1607
toolkit,1608
rel,1609
decemb,1610
non,1611
weakest,1612
stag,1613
housemov,1614
outperform,1615
distributor,1616
kathryn,1617
easier,1618
finalis,1619
decumul,1620
recessionari,1621
iii,1622
chequ,1623
turnaround,1624
profoundli,1625
imprecis,1626
across,1627
cbp,1628
govern,1629
strengthen,1630
dip,1631
emphasi,1632
dj,1633
deposit,1634
tech,1635
jean,1636
hmt,1637
latest,1638
unattribut,1639
reportsuggest,1640
rpix,1641
peso,1642
extend,1643
hm,1644
soak,1645
emigr,1646
reportnow,1647
timeliest,1648
voluntarili,1649
slacken,1650
recalibr,1651
merril,1652
ccyb,1653
obvers,1654
dissent,1655
digest,1656
record,1657
program,1658
destini,1659
attent,1660
come,1661
propiti,1662
border,1663
truli,1664
inflat,1665
perceiv,1666
mine,1667
ruler,1668
idl,1669
amidst,1670
polaris,1671
sanguin,1672
invers,1673
tie,1674
cynic,1675
withdrawn,1676
regrett,1677
confront,1678
rent,1679
creep,1680
resurg,1681
lid,1682
symmetri,1683
bet,1684
tf,1685
interquartil,1686
contest,1687
africa,1688
gloomi,1689
noisier,1690
grappl,1691
hundr,1692
presag,1693
euro,1694
dmo,1695
panacea,1696
io,1697
bricklay,1698
signific,1699
lead,1700
tilt,1701
imping,1702
impact,1703
unrevis,1704
mostli,1705
boat,1706
notwithstand,1707
colloqui,1708
unavail,1709
hurrican,1710
realist,1711
darker,1712
student,1713
anybodi,1714
known,1715
temporarili,1716
unforgiv,1717
jon,1718
avenu,1719
stroke,1720
rather,1721
similarli,1722
intens,1723
repeat,1724
output,1725
priceratio,1726
succeed,1727
preferenti,1728
gap,1729
harm,1730
analyst,1731
npish,1732
im,1733
realli,1734
superior,1735
month,1736
alex,1737
intermin,1738
howth,1739
caus,1740
tsc,1741
depend,1742
multitud,1743
exampl,1744
alli,1745
antidot,1746
nearbi,1747
sme,1748
standalon,1749
notifi,1750
recipi,1751
paul,1752
stunt,1753
recip,1754
settlement,1755
integr,1756
encompass,1757
camouflag,1758
wean,1759
underneath,1760
convict,1761
promptli,1762
overhaul,1763
countri,1764
promot,1765
store,1766
propos,1767
handout,1768
quickli,1769
wear,1770
supervisor,1771
reconcil,1772
hyena,1773
indivis,1774
ordinari,1775
faster,1776
stanford,1777
haunt,1778
previous,1779
unclear,1780
privileg,1781
depositor,1782
indonesian,1783
warm,1784
outgo,1785
drain,1786
suffici,1787
malaysia,1788
outputto,1789
airfar,1790
report,1791
heseltin,1792
hong,1793
uptak,1794
precis,1795
revenu,1796
automat,1797
feedstuff,1798
econometr,1799
ceil,1800
recoveri,1801
converg,1802
afoot,1803
consider,1804
alreadi,1805
crimin,1806
moscow,1807
flash,1808
spite,1809
quadrupl,1810
doubt,1811
lengthen,1812
barrier,1813
infrastructur,1814
adam,1815
handoff,1816
remaind,1817
yuan,1818
use,1819
collect,1820
talent,1821
age,1822
waiv,1823
billion,1824
agrain,1825
goodwil,1826
decim,1827
fund,1828
reviewnot,1829
overcom,1830
interconnect,1831
period,1832
former,1833
fluid,1834
imped,1835
telephon,1836
glean,1837
improv,1838
repossess,1839
prais,1840
re,1841
outlier,1842
snapshot,1843
slacker,1844
wire,1845
databas,1846
louis,1847
momentarili,1848
soyabean,1849
seethi,1850
entrench,1851
clarif,1852
transpir,1853
interact,1854
classifi,1855
supplementari,1856
clarityofthought,1857
mast,1858
within,1859
repay,1860
compet,1861
underplay,1862
situat,1863
platform,1864
key,1865
yesteryear,1866
critic,1867
life,1868
destin,1869
ebb,1870
repric,1871
sampl,1872
reinvest,1873
mention,1874
qualifi,1875
tepid,1876
layoff,1877
shoot,1878
realis,1879
norm,1880
inaccur,1881
endstat,1882
ineffect,1883
mistak,1884
dm,1885
rain,1886
unionis,1887
penalti,1888
although,1889
exist,1890
unpublish,1891
interrel,1892
reput,1893
bulwark,1894
compel,1895
carpent,1896
repurchas,1897
won,1898
onuk,1899
reportwhich,1900
paus,1901
simpler,1902
foregon,1903
abolit,1904
half,1905
semin,1906
complex,1907
slip,1908
accompani,1909
skip,1910
fight,1911
loss,1912
best,1913
particip,1914
renter,1915
wrongdo,1916
entrant,1917
mitig,1918
copi,1919
congress,1920
ppp,1921
uncoordin,1922
brother,1923
buttherewasconsiderableuncertaintyaround,1924
maximis,1925
test,1926
hurri,1927
jolt,1928
subsidi,1929
loop,1930
exceed,1931
bumpi,1932
web,1933
multin,1934
kindl,1935
inde,1936
strictli,1937
calibr,1938
heroic,1939
cspi,1940
unconvent,1941
airport,1942
terminolog,1943
assumpt,1944
forth,1945
smuggl,1946
catalys,1947
net,1948
mang,1949
unreason,1950
zig,1951
reduc,1952
rang,1953
mildli,1954
inhibit,1955
spot,1956
muddl,1957
gentl,1958
peacetim,1959
deviat,1960
hiatu,1961
wil,1962
stocktak,1963
upgrad,1964
nil,1965
ocean,1966
cbl,1967
save,1968
random,1969
lilac,1970
obviat,1971
suspens,1972
advantag,1973
abrupt,1974
reportdiscuss,1975
meteorolog,1976
testimoni,1977
vast,1978
vintag,1979
provid,1980
letter,1981
brighter,1982
overlay,1983
curb,1984
asymmetr,1985
endang,1986
cold,1987
accur,1988
path,1989
legisl,1990
ban,1991
associ,1992
makeup,1993
encourag,1994
feasibl,1995
heal,1996
accustom,1997
deann,1998
pricewaterhousecoop,1999
unsur,2000
meanwhil,2001
leap,2002
defenc,2003
mac,2004
inland,2005
leaver,2006
deduc,2007
part,2008
mainli,2009
state,2010
sport,2011
markup,2012
slowdown,2013
reportli,2014
msci,2015
excus,2016
appli,2017
resum,2018
fourth,2019
densiti,2020
suggesitng,2021
wherea,2022
worldwid,2023
febca,2024
nevertheless,2025
tone,2026
dwarf,2027
maximum,2028
reciproc,2029
candid,2030
aircraft,2031
alistair,2032
dampen,2033
adapt,2034
lastli,2035
steve,2036
abroad,2037
enrich,2038
prematur,2039
communiqué,2040
eef,2041
monolin,2042
tandem,2043
aca,2044
poignant,2045
repli,2046
seiz,2047
incorrect,2048
redund,2049
surg,2050
guy,2051
financ,2052
subtl,2053
crept,2054
reckless,2055
creditor,2056
enact,2057
bia,2058
track,2059
ah,2060
salt,2061
slock,2062
reportsom,2063
defend,2064
decis,2065
noc,2066
frankli,2067
briskli,2068
anim,2069
fragment,2070
nasdaq,2071
vigour,2072
cost,2073
automot,2074
bad,2075
paybil,2076
primarili,2077
remuner,2078
climat,2079
setback,2080
gradual,2081
sporad,2082
plenti,2083
semiconductor,2084
via,2085
imbal,2086
return,2087
compat,2088
headquart,2089
bondhold,2090
obsess,2091
ih,2092
eleph,2093
peg,2094
unavoid,2095
martin,2096
detrend,2097
reli,2098
spillov,2099
dominiqu,2100
lag,2101
jack,2102
tyri,2103
shrank,2104
coupl,2105
normal,2106
vodafon,2107
delud,2108
juli,2109
head,2110
specif,2111
plastic,2112
receiv,2113
replic,2114
malfeas,2115
eddi,2116
instant,2117
plot,2118
demand,2119
overseen,2120
gilt,2121
usual,2122
product,2123
unplan,2124
control,2125
rout,2126
journalist,2127
rectifi,2128
circumst,2129
tunnel,2130
databank,2131
load,2132
centrica,2133
augment,2134
cross,2135
exclus,2136
design,2137
involv,2138
undesir,2139
mortgagor,2140
pattern,2141
subsum,2142
taylor,2143
estim,2144
halfway,2145
earth,2146
otherwis,2147
defi,2148
steadili,2149
lucki,2150
conjunctur,2151
flavour,2152
amongst,2153
compress,2154
heterogen,2155
fsr,2156
size,2157
humour,2158
play,2159
encount,2160
certain,2161
kind,2162
swollen,2163
ziggurat,2164
onetim,2165
restructur,2166
countriesthat,2167
theatr,2168
offici,2169
cashback,2170
recommend,2171
restart,2172
hydraul,2173
expans,2174
institut,2175
sic,2176
law,2177
top,2178
unalt,2179
guidanc,2180
solid,2181
cautiou,2182
unfair,2183
holiday,2184
shed,2185
atm,2186
sharehold,2187
costlessli,2188
sympathis,2189
lion,2190
cleric,2191
ampl,2192
electron,2193
surveil,2194
axe,2195
icc,2196
fenc,2197
badli,2198
cataract,2199
keenli,2200
noisi,2201
reportnot,2202
forego,2203
arduou,2204
legal,2205
durat,2206
gentli,2207
misjudg,2208
incorrectli,2209
rabbl,2210
educ,2211
storm,2212
atmospher,2213
mida,2214
seek,2215
instanc,2216
undon,2217
monetari,2218
seemingli,2219
weidmann,2220
describ,2221
capit,2222
foodstuff,2223
compound,2224
properli,2225
fail,2226
rapid,2227
retard,2228
boy,2229
languag,2230
hindsight,2231
shortfal,2232
straightforwardli,2233
weak,2234
iter,2235
wealthier,2236
septemb,2237
sterl,2238
bipartisan,2239
journal,2240
pupil,2241
youth,2242
sit,2243
nichola,2244
emiss,2245
referenda,2246
birthday,2247
absent,2248
cyclic,2249
ni,2250
contributor,2251
subsequ,2252
retire,2253
bottleneck,2254
bloodi,2255
premium,2256
sovereign,2257
interchang,2258
view,2259
maroon,2260
foreseen,2261
corroboratori,2262
brazilian,2263
hot,2264
perman,2265
greas,2266
fulltim,2267
cautious,2268
poorest,2269
yield,2270
choic,2271
baltic,2272
furnitur,2273
necess,2274
hemispher,2275
waffli,2276
unskil,2277
issuanc,2278
disjunct,2279
refuge,2280
weaken,2281
decreas,2282
spiral,2283
incipi,2284
crunch,2285
counterproduct,2286
smmt,2287
recess,2288
sam,2289
distil,2290
drift,2291
ofwat,2292
complianc,2293
quarri,2294
slack,2295
deriv,2296
overfund,2297
rapidli,2298
treati,2299
typic,2300
spoke,2301
cheer,2302
bretton,2303
lomax,2304
artefact,2305
congression,2306
exact,2307
aviat,2308
unfett,2309
gotten,2310
locat,2311
grow,2312
macroeconom,2313
unilater,2314
gift,2315
colour,2316
german,2317
enterpris,2318
baffl,2319
apolit,2320
tariff,2321
quot,2322
author,2323
submiss,2324
opt,2325
timet,2326
warrant,2327
confin,2328
chill,2329
dilig,2330
dream,2331
choos,2332
pack,2333
id,2334
diminish,2335
reverber,2336
empti,2337
resil,2338
dump,2339
syndic,2340
endeavour,2341
popular,2342
anglia,2343
monitor,2344
payback,2345
magic,2346
mindset,2347
ofa,2348
wisdom,2349
headcount,2350
done,2351
began,2352
theme,2353
relentlessli,2354
repetit,2355
bunt,2356
cluster,2357
penc,2358
shave,2359
unforecast,2360
tractabl,2361
ischart,2362
deloitt,2363
prone,2364
upper,2365
mp,2366
firstli,2367
press,2368
supervis,2369
hazard,2370
preciou,2371
googl,2372
referendum,2373
proof,2374
discontinu,2375
lest,2376
propag,2377
resourc,2378
brisk,2379
gulf,2380
fleec,2381
charli,2382
aei,2383
untransfer,2384
anomali,2385
phenomen,2386
realloc,2387
discoveri,2388
ticket,2389
south,2390
overinvest,2391
downsiz,2392
abus,2393
placid,2394
diffus,2395
histor,2396
farmer,2397
unveil,2398
balanc,2399
percent,2400
apprais,2401
name,2402
brc,2403
setter,2404
sent,2405
solv,2406
meet,2407
machineri,2408
comment,2409
pretend,2410
detect,2411
nimbl,2412
binari,2413
transco,2414
costli,2415
literatur,2416
reviewshow,2417
subsect,2418
ingenu,2419
microprudenti,2420
context,2421
nice,2422
auxiliari,2423
postal,2424
roll,2425
per,2426
sizeabl,2427
theoret,2428
narrow,2429
remitt,2430
shelter,2431
becom,2432
cloth,2433
camera,2434
regist,2435
domain,2436
magna,2437
surround,2438
footnot,2439
burst,2440
advoc,2441
holder,2442
bill,2443
kerosen,2444
uninsur,2445
mutual,2446
corrobor,2447
young,2448
appar,2449
securitis,2450
chosen,2451
went,2452
kettl,2453
express,2454
cut,2455
interv,2456
imposs,2457
flourish,2458
inch,2459
lehman,2460
thereaft,2461
neutral,2462
mip,2463
solow,2464
jobless,2465
leisur,2466
slaughterhous,2467
modif,2468
fepi,2469
cautionari,2470
dispos,2471
unevenli,2472
appeal,2473
foresaw,2474
resurfac,2475
siren,2476
migratori,2477
broadli,2478
healthi,2479
hurdl,2480
warmest,2481
tick,2482
strong,2483
syndrom,2484
nationwid,2485
unconnect,2486
kick,2487
categoris,2488
begun,2489
kevin,2490
pessimist,2491
upward,2492
intern,2493
inelig,2494
cfo,2495
thereof,2496
useless,2497
generos,2498
overshoot,2499
colder,2500
elig,2501
refocu,2502
academ,2503
clippabl,2504
thing,2505
accentu,2506
incom,2507
vigil,2508
reorganis,2509
laughter,2510
culprit,2511
mathemat,2512
bulgaria,2513
criterion,2514
seventh,2515
spongiform,2516
longerterm,2517
reward,2518
laud,2519
win,2520
delta,2521
undersampl,2522
perpetr,2523
impetu,2524
shoulder,2525
sizabl,2526
necessit,2527
ignit,2528
uv,2529
tweak,2530
slim,2531
statutori,2532
vs,2533
stockton,2534
blend,2535
fairli,2536
backrun,2537
session,2538
unknow,2539
reserv,2540
explanatori,2541
halt,2542
purpos,2543
fold,2544
freeli,2545
redeploy,2546
processesoftenspanseveralcountri,2547
paralymp,2548
briefli,2549
gone,2550
neglect,2551
assist,2552
infinit,2553
intang,2554
turmoil,2555
unattract,2556
voic,2557
food,2558
vers,2559
foreign,2560
evolut,2561
industrialis,2562
amid,2563
barrel,2564
mess,2565
healthili,2566
wood,2567
jeopardi,2568
shock,2569
fdi,2570
homemov,2571
publish,2572
cane,2573
combat,2574
illeg,2575
justif,2576
sushil,2577
suspect,2578
recov,2579
minimis,2580
impos,2581
opposit,2582
disco,2583
wax,2584
spectrum,2585
subsidiari,2586
ownership,2587
richer,2588
distant,2589
freed,2590
benchmark,2591
arena,2592
mortgag,2593
untouch,2594
behind,2595
emptiv,2596
quit,2597
inclus,2598
idiosyncrat,2599
solidli,2600
soften,2601
instal,2602
fleme,2603
deeper,2604
farmgat,2605
edgar,2606
economi,2607
unintend,2608
rotat,2609
spell,2610
gratitud,2611
fragil,2612
roundtabl,2613
lcf,2614
spark,2615
traction,2616
backlog,2617
precaut,2618
expand,2619
order,2620
ireland,2621
suppress,2622
omit,2623
hypothet,2624
unfortun,2625
explicit,2626
childcar,2627
subsid,2628
bilateralexchang,2629
softwar,2630
upwardli,2631
regain,2632
edg,2633
balloon,2634
repeatedli,2635
submit,2636
determin,2637
conced,2638
reintroduc,2639
job,2640
crisi,2641
argu,2642
migrant,2643
minist,2644
interbank,2645
textbook,2646
visa,2647
bradstreet,2648
shari,2649
vital,2650
jet,2651
wagesettl,2652
think,2653
obvious,2654
bonus,2655
softli,2656
blith,2657
unexplain,2658
ephemer,2659
contractor,2660
principl,2661
citi,2662
categori,2663
boundari,2664
unafford,2665
atlanta,2666
tablet,2667
challeng,2668
thrill,2669
manufactur,2670
retail,2671
topix,2672
march,2673
rephras,2674
overeg,2675
waterston,2676
cspp,2677
par,2678
machin,2679
norfolk,2680
demur,2681
currenc,2682
unknown,2683
backdrop,2684
katrina,2685
sir,2686
tourism,2687
electrician,2688
wr,2689
iqaluit,2690
alan,2691
static,2692
acquiesc,2693
refineri,2694
sever,2695
central,2696
barclay,2697
airlin,2698
fuller,2699
dividend,2700
leadership,2701
natur,2702
rita,2703
procycl,2704
reassuringli,2705
miner,2706
pra,2707
afternoon,2708
eurostoxx,2709
heard,2710
success,2711
febril,2712
patchili,2713
ingrain,2714
predomin,2715
might,2716
wall,2717
earmark,2718
reportfor,2719
nic,2720
treasuri,2721
ppi,2722
dedic,2723
steel,2724
ration,2725
channel,2726
constant,2727
summari,2728
paramount,2729
window,2730
broadbent,2731
jerk,2732
iv,2733
lie,2734
england,2735
fulfil,2736
configur,2737
flexibl,2738
dairi,2739
slightli,2740
innov,2741
whoever,2742
forev,2743
intraday,2744
assimil,2745
lay,2746
dispassion,2747
spreadsheet,2748
grant,2749
inertia,2750
sceptic,2751
fleet,2752
includ,2753
contribut,2754
portfolio,2755
promin,2756
annualis,2757
zag,2758
tidi,2759
mustn,2760
sharpen,2761
subscrib,2762
conserv,2763
composit,2764
instabl,2765
dispar,2766
eye,2767
reced,2768
keyn,2769
indebt,2770
spring,2771
defici,2772
consolid,2773
unguarante,2774
real,2775
ashley,2776
freezer,2777
recurs,2778
bypass,2779
marconi,2780
robustli,2781
reabsorb,2782
graduat,2783
screen,2784
retrospect,2785
deduct,2786
bradford,2787
galor,2788
recalcul,2789
comparison,2790
divisia,2791
stifl,2792
prp,2793
aros,2794
slightest,2795
touch,2796
japan,2797
temptat,2798
steeper,2799
lone,2800
assur,2801
uruguay,2802
deceler,2803
forestri,2804
harp,2805
unambigu,2806
clever,2807
undershoot,2808
amateur,2809
arabian,2810
higher,2811
panglossian,2812
congest,2813
solvent,2814
clad,2815
inspir,2816
shop,2817
neighbour,2818
decompos,2819
ad,2820
limit,2821
conduc,2822
smaller,2823
petroleum,2824
elli,2825
occur,2826
impart,2827
vicker,2828
reclassifi,2829
convinc,2830
dtlr,2831
cap,2832
brought,2833
underdevelop,2834
jigsaw,2835
determinedli,2836
oppos,2837
throughout,2838
shape,2839
bp,2840
begin,2841
odd,2842
rememb,2843
overshot,2844
happi,2845
reluct,2846
abovetarget,2847
treatment,2848
percentil,2849
speed,2850
procur,2851
catch,2852
echelon,2853
deutsch,2854
suit,2855
spirit,2856
enjoy,2857
aggreg,2858
august,2859
correctli,2860
squeez,2861
woudl,2862
outpac,2863
gestur,2864
classif,2865
difficult,2866
probabl,2867
collat,2868
flatter,2869
unsatisfi,2870
presenc,2871
argentina,2872
illus,2873
autom,2874
act,2875
factual,2876
predict,2877
prey,2878
teas,2879
aw,2880
heatwav,2881
inter,2882
tour,2883
reportand,2884
straight,2885
earli,2886
adjust,2887
quota,2888
cope,2889
nuanc,2890
code,2891
steepest,2892
bedrock,2893
siobhan,2894
wherev,2895
symptom,2896
slope,2897
misconduct,2898
speak,2899
comfort,2900
slight,2901
analysi,2902
ridg,2903
undertaken,2904
progress,2905
knit,2906
consensu,2907
site,2908
charg,2909
flood,2910
reflat,2911
horizont,2912
jone,2913
elderli,2914
quickest,2915
fallback,2916
attract,2917
thought,2918
rectif,2919
eme,2920
plough,2921
vi,2922
applianc,2923
winter,2924
wtd,2925
pact,2926
zone,2927
fantast,2928
flurri,2929
incentivis,2930
puzzlingli,2931
adult,2932
choke,2933
reaction,2934
mount,2935
away,2936
harmonis,2937
preview,2938
pinpoint,2939
scant,2940
conceiv,2941
outstrip,2942
diagnos,2943
chanc,2944
degre,2945
stipul,2946
inward,2947
healthier,2948
valu,2949
avert,2950
interfer,2951
partial,2952
confeder,2953
conductor,2954
beneath,2955
outer,2956
nomin,2957
slew,2958
unwis,2959
alik,2960
reloc,2961
unexpect,2962
behold,2963
hostil,2964
korean,2965
pollut,2966
bounc,2967
intermediari,2968
wonkish,2969
futur,2970
pretti,2971
requir,2972
smart,2973
good,2974
chief,2975
gad,2976
note,2977
divorc,2978
sight,2979
underspend,2980
spill,2981
tackl,2982
steam,2983
provok,2984
clueless,2985
graviti,2986
alert,2987
inappropri,2988
man,2989
constraint,2990
lower,2991
award,2992
australian,2993
banknot,2994
identif,2995
windfal,2996
professor,2997
transit,2998
anyon,2999
outstand,3000
jenni,3001
king,3002
qualit,3003
tenur,3004
successor,3005
produc,3006
oh,3007
failur,3008
led,3009
workaround,3010
ie,3011
friend,3012
upsw,3013
apf,3014
versa,3015
calm,3016
along,3017
vividli,3018
port,3019
exce,3020
wftc,3021
agoni,3022
lo,3023
plenderleith,3024
indirectli,3025
jargon,3026
mean,3027
persuas,3028
residu,3029
sell,3030
delev,3031
graph,3032
influx,3033
featur,3034
dimension,3035
offset,3036
underpaid,3037
whatev,3038
optim,3039
fraud,3040
che,3041
complementari,3042
escal,3043
nigeria,3044
rock,3045
peter,3046
lighter,3047
blind,3048
glad,3049
leav,3050
trillion,3051
conceal,3052
disast,3053
renew,3054
overpredict,3055
standardis,3056
quantifi,3057
expansionari,3058
experienc,3059
threefold,3060
flatlin,3061
knee,3062
subdu,3063
spain,3064
remedi,3065
firmer,3066
fruition,3067
prosecutor,3068
expert,3069
substanc,3070
somewher,3071
guard,3072
pecuniari,3073
indic,3074
reprint,3075
saga,3076
median,3077
taxat,3078
request,3079
underleverag,3080
incent,3081
open,3082
frame,3083
encouragingli,3084
mini,3085
overpay,3086
war,3087
sunnier,3088
hang,3089
fait,3090
crash,3091
rebalanc,3092
percentag,3093
momentum,3094
teacher,3095
plug,3096
undisturb,3097
decad,3098
incid,3099
emul,3100
irregular,3101
georg,3102
protectionist,3103
replac,3104
mad,3105
eg,3106
fli,3107
tension,3108
mobil,3109
drop,3110
rigor,3111
sector,3112
erupt,3113
knew,3114
jointli,3115
wadhwani,3116
evid,3117
tourist,3118
american,3119
everyon,3120
bulletin,3121
lumpi,3122
love,3123
smoother,3124
chapter,3125
unalloy,3126
microdata,3127
stigma,3128
poorer,3129
unanticip,3130
recapitalis,3131
pcae,3132
undershot,3133
stone,3134
unfold,3135
unspectacular,3136
myth,3137
sadli,3138
histogram,3139
mask,3140
annuiti,3141
iranian,3142
babi,3143
surplu,3144
aquart,3145
peac,3146
abstract,3147
discretionari,3148
notori,3149
tack,3150
trough,3151
prioritis,3152
settl,3153
especi,3154
regross,3155
rule,3156
guess,3157
incur,3158
quantif,3159
penal,3160
jubile,3161
poll,3162
joiner,3163
nottingham,3164
napm,3165
quanti,3166
immun,3167
eight,3168
claus,3169
finer,3170
substant,3171
laugh,3172
biotechnolog,3173
consecut,3174
marginalis,3175
vote,3176
creas,3177
turnbul,3178
underway,3179
exacerb,3180
schedul,3181
reportshav,3182
transplant,3183
complac,3184
broadest,3185
sooner,3186
break,3187
enron,3188
quarterli,3189
whyw,3190
germani,3191
fraught,3192
aspir,3193
awkward,3194
disloc,3195
unpaid,3196
decomposit,3197
specifi,3198
reportwould,3199
endogen,3200
sudan,3201
fpc,3202
directli,3203
semblanc,3204
bounceback,3205
tap,3206
theaugust,3207
businessess,3208
thirti,3209
wait,3210
blueprint,3211
marian,3212
broaden,3213
libyan,3214
competitor,3215
chewi,3216
varianc,3217
preoccupi,3218
attain,3219
intim,3220
bore,3221
bigger,3222
dismiss,3223
bequeath,3224
ltd,3225
proven,3226
personalis,3227
indiffer,3228
redirect,3229
flow,3230
era,3231
tuition,3232
anywher,3233
bullish,3234
heather,3235
resili,3236
counsel,3237
mathia,3238
weekli,3239
coalit,3240
learn,3241
instantan,3242
stimuli,3243
rightli,3244
tradit,3245
retent,3246
dmp,3247
whittl,3248
wobbl,3249
term,3250
excis,3251
cc,3252
buyback,3253
expenditur,3254
token,3255
harmless,3256
controversi,3257
bs,3258
occup,3259
tenth,3260
akin,3261
vii,3262
extraordinari,3263
housebuy,3264
christma,3265
system,3266
elicit,3267
powder,3268
descript,3269
dull,3270
avail,3271
taxpay,3272
game,3273
verac,3274
recreat,3275
confidenti,3276
doubl,3277
uplift,3278
mandatori,3279
career,3280
likelihood,3281
unrest,3282
summit,3283
reportwa,3284
madrid,3285
secretari,3286
deed,3287
fault,3288
keen,3289
entail,3290
helicopt,3291
hardli,3292
coven,3293
privat,3294
much,3295
afield,3296
credibl,3297
surveyind,3298
target,3299
uncertain,3300
embed,3301
diagnost,3302
recurr,3303
elect,3304
happili,3305
pejor,3306
client,3307
pin,3308
ism,3309
gather,3310
hospit,3311
esa,3312
ant,3313
coverag,3314
charl,3315
near,3316
recuper,3317
hall,3318
survey,3319
equip,3320
engag,3321
cbi,3322
harsh,3323
flick,3324
wise,3325
reconstruct,3326
potenti,3327
ditto,3328
tear,3329
everyth,3330
boost,3331
texa,3332
shake,3333
humil,3334
wj,3335
bind,3336
saniti,3337
proud,3338
slowish,3339
aluminium,3340
hangov,3341
protest,3342
impuls,3343
envis,3344
slow,3345
tender,3346
overnight,3347
pop,3348
mid,3349
plausibl,3350
timelin,3351
enquir,3352
ulc,3353
belgium,3354
impress,3355
enough,3356
militari,3357
dash,3358
econom,3359
vari,3360
sideway,3361
ftse,3362
urg,3363
tsb,3364
baton,3365
lapf,3366
wore,3367
rose,3368
tropic,3369
anaem,3370
demerit,3371
ltcm,3372
chip,3373
underestim,3374
fanni,3375
threshold,3376
impot,3377
presum,3378
postbrexit,3379
frustrat,3380
thirdli,3381
cloud,3382
lurid,3383
websit,3384
uniformli,3385
dialogu,3386
doldrum,3387
dr,3388
firm,3389
attun,3390
sluggishli,3391
sky,3392
overrecord,3393
reportreflect,3394
localis,3395
tactic,3396
volum,3397
hearten,3398
stole,3399
bolster,3400
bearish,3401
division,3402
interlink,3403
unnecessari,3404
moral,3405
telecom,3406
root,3407
wholes,3408
skill,3409
low,3410
great,3411
olympian,3412
vice,3413
smallest,3414
frighten,3415
thaw,3416
quarter,3417
ascertain,3418
basix,3419
sixth,3420
claud,3421
buyout,3422
recal,3423
nexu,3424
conting,3425
stuff,3426
written,3427
rpiy,3428
trivial,3429
need,3430
altogeth,3431
tightli,3432
medicin,3433
termism,3434
ipo,3435
hysteresi,3436
variat,3437
broke,3438
bankofengland,3439
shirakawa,3440
crise,3441
stoxx,3442
refin,3443
drag,3444
differenti,3445
exactli,3446
rail,3447
arrest,3448
subset,3449
reject,3450
serial,3451
exhort,3452
suck,3453
upon,3454
softer,3455
robert,3456
mpc,3457
pariti,3458
derog,3459
placement,3460
digit,3461
emerg,3462
atlant,3463
mate,3464
downsw,3465
reichsbank,3466
servic,3467
everyday,3468
disproportion,3469
epidem,3470
undiminish,3471
unrel,3472
conjunct,3473
frustratingli,3474
autumn,3475
manner,3476
peopl,3477
lectur,3478
aid,3479
propel,3480
creator,3481
abut,3482
tranch,3483
plaster,3484
misapprehens,3485
lincoln,3486
prudent,3487
succe,3488
journey,3489
disinfl,3490
ring,3491
fear,3492
wildli,3493
compris,3494
rb,3495
micro,3496
ensu,3497
weigh,3498
traffic,3499
nanotechnolog,3500
overoptimist,3501
handl,3502
regim,3503
depict,3504
amen,3505
solicitor,3506
refere,3507
agent,3508
mtic,3509
wrote,3510
obr,3511
nowher,3512
inabl,3513
anda,3514
insul,3515
perspect,3516
glasgow,3517
casual,3518
fraction,3519
stubbornli,3520
persuad,3521
temporari,3522
impressionist,3523
notif,3524
repres,3525
scandal,3526
pardon,3527
fractur,3528
cylind,3529
discreet,3530
donald,3531
stabl,3532
exchequ,3533
twelfth,3534
meant,3535
ofgem,3536
homogen,3537
repaid,3538
rein,3539
markit,3540
reinforc,3541
investig,3542
blanchflow,3543
surplus,3544
set,3545
plc,3546
moder,3547
water,3548
counten,3549
cuff,3550
wish,3551
ceas,3552
annual,3553
european,3554
reader,3555
bear,3556
wilshir,3557
stumbl,3558
dali,3559
seller,3560
undertak,3561
china,3562
earn,3563
introductori,3564
argument,3565
hesit,3566
monetarypolici,3567
format,3568
fortun,3569
sand,3570
million,3571
ectr,3572
shrink,3573
taken,3574
implement,3575
resumpt,3576
metal,3577
unsubordin,3578
friction,3579
leagu,3580
boardroom,3581
canvass,3582
presid,3583
concentr,3584
funer,3585
variabl,3586
collabor,3587
violent,3588
accord,3589
technic,3590
collater,3591
poland,3592
sterilis,3593
movi,3594
activ,3595
payment,3596
sheet,3597
modifi,3598
dysfunct,3599
mechan,3600
widest,3601
revisit,3602
fl,3603
secondari,3604
excit,3605
corn,3606
minu,3607
suffer,3608
eighth,3609
refus,3610
tore,3611
core,3612
instead,3613
prevail,3614
lightli,3615
baselin,3616
inherit,3617
sun,3618
amaz,3619
multipli,3620
combin,3621
cdo,3622
financi,3623
restor,3624
illiquid,3625
redefin,3626
sneez,3627
surpris,3628
idea,3629
lloyd,3630
cater,3631
positon,3632
travail,3633
pathway,3634
india,3635
jpmorgan,3636
fourthli,3637
signifi,3638
sandi,3639
detriment,3640
impract,3641
moratorium,3642
releas,3643
demutualis,3644
patienc,3645
motor,3646
newspap,3647
lot,3648
delight,3649
reproduc,3650
cessat,3651
tripartit,3652
favourit,3653
secular,3654
oblig,3655
land,3656
worthwhil,3657
radio,3658
bubbl,3659
hardship,3660
whole,3661
select,3662
retir,3663
attempt,3664
strip,3665
pivot,3666
bolder,3667
statement,3668
materi,3669
element,3670
televis,3671
un,3672
time,3673
incident,3674
inferior,3675
explic,3676
rice,3677
evolv,3678
newcastl,3679
acquir,3680
mediat,3681
archiv,3682
tremor,3683
committe,3684
arabia,3685
fre,3686
burden,3687
chair,3688
cip,3689
prototyp,3690
colleagu,3691
convent,3692
leather,3693
lock,3694
bare,3695
prejudg,3696
talk,3697
perfectli,3698
oi,3699
commerc,3700
sin,3701
caution,3702
worker,3703
unattain,3704
given,3705
industri,3706
misalloc,3707
broken,3708
outlet,3709
len,3710
spate,3711
meltdown,3712
huge,3713
shortag,3714
increment,3715
censu,3716
chancehtat,3717
sting,3718
abund,3719
swift,3720
energyintens,3721
revis,3722
zigzag,3723
pair,3724
linger,3725
vagu,3726
disagr,3727
interview,3728
hmrc,3729
wile,3730
premia,3731
reportwil,3732
colditz,3733
contradict,3734
whim,3735
underwrit,3736
ppiy,3737
scenario,3738
regardless,3739
derail,3740
constitut,3741
referr,3742
femal,3743
grown,3744
stamp,3745
idbr,3746
underpredict,3747
privi,3748
lull,3749
section,3750
spv,3751
www,3752
landscap,3753
redistribut,3754
exert,3755
novelti,3756
box,3757
deni,3758
framework,3759
direct,3760
develop,3761
notion,3762
longer,3763
kitchen,3764
modernis,3765
termin,3766
endors,3767
viabil,3768
resolut,3769
nightmar,3770
repo,3771
acronym,3772
tokyo,3773
arbitrag,3774
health,3775
bespok,3776
find,3777
overst,3778
decil,3779
likewis,3780
instrument,3781
loc,3782
lambast,3783
neg,3784
whichcancel,3785
buoyanc,3786
inadequ,3787
singapor,3788
metaphor,3789
recur,3790
deliber,3791
intermedi,3792
feder,3793
unapp,3794
apart,3795
faisal,3796
inexact,3797
unrecord,3798
troubl,3799
unimagin,3800
aliv,3801
rate,3802
can,3803
uprat,3804
flesh,3805
recaptur,3806
fore,3807
represent,3808
sorri,3809
transmit,3810
devalu,3811
contour,3812
quo,3813
canadian,3814
memor,3815
copper,3816
snap,3817
debt,3818
shot,3819
civil,3820
jobsi,3821
repris,3822
north,3823
bright,3824
chartpack,3825
ascrib,3826
ii,3827
interrupt,3828
floor,3829
account,3830
discount,3831
slower,3832
sad,3833
twice,3834
loaf,3835
frequent,3836
terribl,3837
spurt,3838
yorkshir,3839
slowli,3840
thefact,3841
prescrib,3842
svt,3843
instinct,3844
unfil,3845
unblock,3846
macroeconometr,3847
parlanc,3848
randomli,3849
bank,3850
ecb,3851
local,3852
indetermin,3853
easiest,3854
conduct,3855
unprecedentedli,3856
mr,3857
defin,3858
chain,3859
bureau,3860
accommod,3861
fifteen,3862
cupboard,3863
shade,3864
foolish,3865
clinic,3866
obscur,3867
mainstay,3868
custom,3869
blunt,3870
possibl,3871
outturn,3872
hew,3873
dow,3874
destabilis,3875
valid,3876
competit,3877
awar,3878
increasingli,3879
roar,3880
commentari,3881
bottom,3882
extra,3883
support,3884
next,3885
interest,3886
detr,3887
provision,3888
backstop,3889
ben,3890
sunday,3891
overshadow,3892
viabl,3893
peer,3894
northern,3895
dispel,3896
earner,3897
gdp,3898
displac,3899
disabl,3900
ravish,3901
interim,3902
dumfri,3903
coast,3904
fell,3905
membership,3906
phil,3907
passiv,3908
bay,3909
economistindex,3910
buttress,3911
morn,3912
forestal,3913
willing,3914
unregul,3915
benign,3916
drought,3917
greater,3918
bb,3919
crystallis,3920
faith,3921
compens,3922
regress,3923
pipelin,3924
utterli,3925
facil,3926
iif,3927
conway,3928
resort,3929
reset,3930
commensur,3931
pdf,3932
stark,3933
dent,3934
corollari,3935
puzzl,3936
mobilis,3937
allianc,3938
surprisingli,3939
orderli,3940
realign,3941
underrepresent,3942
harbing,3943
prevent,3944
strongest,3945
exclud,3946
damag,3947
statu,3948
explicitli,3949
thread,3950
diana,3951
familiar,3952
tweet,3953
intent,3954
suspend,3955
hour,3956
float,3957
biggest,3958
cumul,3959
preced,3960
incomplet,3961
diversif,3962
result,3963
clamp,3964
respond,3965
hitherto,3966
anger,3967
pointless,3968
stormi,3969
fellow,3970
hurt,3971
dig,3972
unwil,3973
symptomat,3974
unwarr,3975
tacki,3976
buffer,3977
content,3978
rebuilt,3979
outward,3980
primari,3981
calendar,3982
total,3983
applic,3984
unmention,3985
met,3986
cast,3987
perform,3988
collateralis,3989
australia,3990
oilfield,3991
word,3992
diseas,3993
transcript,3994
broker,3995
basl,3996
closur,3997
reassess,3998
labor,3999
widow,4000
uncommon,4001
structur,4002
debtor,4003
free,4004
upsid,4005
appal,4006
anecdot,4007
enhanc,4008
iraqi,4009
tenor,4010
stood,4011
collaps,4012
certifi,4013
temperatur,4014
enthusiasm,4015
abat,4016
satisfactori,4017
worldcom,4018
beig,4019
calcul,4020
host,4021
fx,4022
place,4023
ask,4024
allsopp,4025
disput,4026
manifesto,4027
volatil,4028
zombi,4029
sway,4030
airflow,4031
sa,4032
nearterm,4033
rachel,4034
stock,4035
recognit,4036
predic,4037
ibe,4038
alon,4039
world,4040
white,4041
irretriev,4042
unlaw,4043
auster,4044
distort,4045
highlight,4046
pool,4047
effort,4048
fifti,4049
phenomenon,4050
lever,4051
steepli,4052
pale,4053
media,4054
outdat,4055
agricultur,4056
ye,4057
constitu,4058
belief,4059
modal,4060
pace,4061
level,4062
fuse,4063
envisag,4064
ppf,4065
pipe,4066
essenc,4067
fertilis,4068
impervi,4069
none,4070
preserv,4071
threat,4072
bacton,4073
tougher,4074
faculti,4075
commend,4076
washington,4077
longev,4078
refrain,4079
gaug,4080
helpless,4081
currentprofit,4082
likeliest,4083
spectacular,4084
acced,4085
delinqu,4086
synchron,4087
want,4088
let,4089
uptrend,4090
anxiou,4091
strongli,4092
weapon,4093
strain,4094
multipl,4095
cunliff,4096
henceforth,4097
abolish,4098
cite,4099
staf,4100
overview,4101
carousel,4102
player,4103
chunk,4104
desir,4105
danc,4106
leverag,4107
pursu,4108
lifetim,4109
respons,4110
accident,4111
absorb,4112
zloti,4113
polish,4114
scottish,4115
move,4116
inquiri,4117
telecommun,4118
height,4119
overleverag,4120
techniqu,4121
earliest,4122
counteract,4123
work,4124
satisfactorili,4125
scotland,4126
prefac,4127
swiftli,4128
approach,4129
grid,4130
bl,4131
irrat,4132
brunt,4133
seren,4134
warhol,4135
price,4136
readili,4137
kahn,4138
fickl,4139
summon,4140
harvey,4141
haldan,4142
constantli,4143
slide,4144
gate,4145
downsid,4146
fit,4147
lbg,4148
undeni,4149
unwant,4150
conduit,4151
underst,4152
amend,4153
reporthav,4154
object,4155
importantli,4156
defer,4157
enrol,4158
cusp,4159
hump,4160
corner,4161
cool,4162
diamond,4163
bump,4164
stiffen,4165
buy,4166
empt,4167
hierarchi,4168
earthquak,4169
profil,4170
authoris,4171
fresher,4172
fixiti,4173
odpm,4174
model,4175
unwound,4176
exagger,4177
advers,4178
enter,4179
stanc,4180
person,4181
day,4182
sydney,4183
interdepend,4184
ntc,4185
taxfinanc,4186
verizon,4187
undevelop,4188
coin,4189
logic,4190
bequest,4191
filter,4192
necessari,4193
research,4194
theecb,4195
monetis,4196
disguis,4197
consid,4198
commonli,4199
interven,4200
averag,4201
globalis,4202
undercapitalis,4203
blur,4204
lacuna,4205
chime,4206
bake,4207
notabl,4208
bailout,4209
proceed,4210
fever,4211
freedom,4212
dealog,4213
super,4214
overh,4215
consensusforecastsand,4216
enumer,4217
premis,4218
fallaci,4219
basel,4220
underscor,4221
virtuou,4222
proprietari,4223
narrowest,4224
search,4225
unaffect,4226
hbf,4227
truste,4228
ambit,4229
nearer,4230
unattend,4231
restrain,4232
shanghai,4233
prioriti,4234
jason,4235
entri,4236
mist,4237
axi,4238
notic,4239
effect,4240
underpin,4241
swallow,4242
shore,4243
deficit,4244
restrict,4245
scar,4246
asset,4247
tent,4248
bernank,4249
downwardli,4250
crosscheck,4251
bloomberg,4252
parenthet,4253
buoy,4254
reportit,4255
contributori,4256
quibbl,4257
hmm,4258
downplay,4259
thanassum,4260
prove,4261
hous,4262
pictori,4263
virtual,4264
overstimul,4265
calv,4266
flip,4267
afford,4268
unduli,4269
rightward,4270
alway,4271
smith,4272
true,4273
elsewher,4274
america,4275
induc,4276
consciou,4277
formul,4278
offstag,4279
util,4280
fact,4281
safeguard,4282
compensatori,4283
defeat,4284
extern,4285
flex,4286
friendli,4287
commiss,4288
stearn,4289
bankrupt,4290
sixteen,4291
ceb,4292
accumul,4293
steer,4294
supplement,4295
therm,4296
death,4297
aftermath,4298
penalis,4299
procedur,4300
shield,4301
processor,4302
stagnat,4303
iower,4304
tailor,4305
kink,4306
economist,4307
split,4308
today,4309
school,4310
junctur,4311
simpli,4312
wheatley,4313
candour,4314
attach,4315
signpost,4316
overreact,4317
flatten,4318
recours,4319
buoyant,4320
augca,4321
labour,4322
uwc,4323
consum,4324
sat,4325
senior,4326
instil,4327
electr,4328
greatli,4329
squabbl,4330
rebal,4331
shambl,4332
alongsid,4333
harvest,4334
euler,4335
understat,4336
millennium,4337
contin,4338
theunit,4339
duti,4340
ash,4341
segment,4342
pce,4343
point,4344
celebr,4345
insur,4346
fuell,4347
tusk,4348
seeker,4349
focu,4350
democrat,4351
intend,4352
clean,4353
reportto,4354
yeah,4355
someth,4356
artifici,4357
busi,4358
forward,4359
stabil,4360
leftward,4361
beyond,4362
subtli,4363
remov,4364
acquisit,4365
grey,4366
respiratori,4367
behest,4368
microeconometr,4369
stoke,4370
straightforward,4371
face,4372
absolut,4373
windermer,4374
rupiah,4375
earnest,4376
paid,4377
toy,4378
complic,4379
jeopardis,4380
bonu,4381
cliff,4382
longstand,4383
date,4384
continuum,4385
charta,4386
untrad,4387
clue,4388
furnish,4389
asian,4390
either,4391
altern,4392
kong,4393
finit,4394
extraordinarili,4395
insid,4396
thrift,4397
thwart,4398
strauss,4399
suprem,4400
enthusiast,4401
catherin,4402
ucit,4403
outnumb,4404
unreport,4405
small,4406
nigh,4407
younger,4408
reason,4409
convers,4410
trump,4411
descend,4412
daili,4413
tuc,4414
fourteenth,4415
totem,4416
burn,4417
stupid,4418
clearli,4419
wors,4420
stephani,4421
unmeasur,4422
insecur,4423
tankan,4424
claim,4425
bracket,4426
insofar,4427
limb,4428
reclassif,4429
rebat,4430
chang,4431
accid,4432
valuat,4433
changeov,4434
danger,4435
mode,4436
onto,4437
wet,4438
gasolin,4439
curiou,4440
acknowledg,4441
theful,4442
multi,4443
shipment,4444
sdr,4445
conceptu,4446
unfavour,4447
undergradu,4448
pencil,4449
redoubl,4450
visibl,4451
bi,4452
dislodg,4453
share,4454
indefinit,4455
diverg,4456
hammer,4457
translat,4458
forefront,4459
tv,4460
item,4461
incorpor,4462
celebratori,4463
embodi,4464
aldrick,4465
grade,4466
except,4467
speci,4468
jackson,4469
grain,4470
catalyst,4471
michigan,4472
reliev,4473
underutilis,4474
con,4475
june,4476
prudenti,4477
fixat,4478
saver,4479
materialis,4480
fire,4481
spencer,4482
oper,4483
divers,4484
alley,4485
bound,4486
okay,4487
protection,4488
ltro,4489
liaison,4490
renov,4491
niip,4492
uncheck,4493
artist,4494
soviet,4495
boomer,4496
occurr,4497
bug,4498
mere,4499
transfer,4500
precautionari,4501
tōhoku,4502
honestli,4503
conform,4504
ra,4505
drew,4506
coincid,4507
surpass,4508
fals,4509
furthest,4510
dealer,4511
inflex,4512
yen,4513
director,4514
rest,4515
imperfect,4516
join,4517
characteris,4518
scarciti,4519
favour,4520
upfront,4521
underlay,4522
riskiest,4523
hire,4524
attribut,4525
loan,4526
metric,4527
personnel,4528
ship,4529
alright,4530
hardest,4531
discov,4532
reportar,4533
rebound,4534
convuls,4535
discu,4536
onward,4537
mover,4538
hing,4539
reassert,4540
invoic,4541
wake,4542
steepen,4543
parallel,4544
olymp,4545
right,4546
humbersid,4547
laid,4548
reschedul,4549
lens,4550
late,4551
szu,4552
poor,4553
room,4554
lucid,4555
call,4556
optimist,4557
discrep,4558
wherebi,4559
inflationreportproject,4560
workplac,4561
index,4562
inaccuraci,4563
father,4564
stockhold,4565
hypothesi,4566
nonetheless,4567
prune,4568
licens,4569
garment,4570
reliant,4571
reimburs,4572
bankruptci,4573
deconstruct,4574
accompli,4575
bullet,4576
contrast,4577
fe,4578
eman,4579
backfir,4580
cooper,4581
birth,4582
eurozon,4583
homewar,4584
technocrat,4585
width,4586
tens,4587
cumbria,4588
lunar,4589
sequel,4590
knowledg,4591
reportssinc,4592
gallup,4593
aaa,4594
unemploy,4595
sar,4596
signal,4597
instantli,4598
betru,4599
automobil,4600
criteria,4601
tough,4602
reassur,4603
imperfectli,4604
instig,4605
spent,4606
haircut,4607
imag,4608
better,4609
lawyer,4610
overtim,4611
depth,4612
freight,4613
boom,4614
thirteenth,4615
experiment,4616
monthli,4617
greek,4618
trim,4619
condit,4620
analys,4621
foot,4622
proportion,4623
look,4624
anew,4625
popul,4626
psnb,4627
eurodollar,4628
rocki,4629
wane,4630
remortgag,4631
detract,4632
poultri,4633
turnov,4634
carri,4635
forb,4636
essay,4637
readi,4638
lf,4639
wireless,4640
distribut,4641
programm,4642
behalf,4643
ooh,4644
intellig,4645
oecd,4646
strand,4647
drastic,4648
nearest,4649
slipperi,4650
impli,4651
belong,4652
invest,4653
phase,4654
purdah,4655
commonsens,4656
russia,4657
dsr,4658
acut,4659
uneas,4660
amplitud,4661
univers,4662
import,4663
ofifa,4664
ne,4665
allud,4666
hill,4667
cutback,4668
pick,4669
switzerland,4670
pertin,4671
jag,4672
visit,4673
unseason,4674
ralli,4675
sake,4676
buffet,4677
commerci,4678
farther,4679
solut,4680
uniqu,4681
worth,4682
trader,4683
unrespons,4684
equal,4685
disagre,4686
exaggeratedli,4687
multilater,4688
disassoci,4689
recycl,4690
teach,4691
carbon,4692
unsecur,4693
unwilling,4694
subject,4695
compani,4696
acid,4697
excess,4698
error,4699
februari,4700
analyt,4701
apropo,4702
luck,4703
sometim,4704
norway,4705
iron,4706
union,4707
aris,4708
swung,4709
starkli,4710
proper,4711
judgment,4712
extrapol,4713
aggrav,4714
locu,4715
dublin,4716
nail,4717
arriv,4718
explan,4719
french,4720
creativ,4721
interlinkag,4722
advisori,4723
deflect,4724
comov,4725
royal,4726
footbal,4727
frozen,4728
expertis,4729
ap,4730
ramp,4731
realiti,4732
cancel,4733
centenari,4734
ed,4735
liberalis,4736
misplac,4737
stealth,4738
lubric,4739
cure,4740
fix,4741
self,4742
explain,4743
correct,4744
augustinian,4745
countrywid,4746
catastroph,4747
agreeabl,4748
ouput,4749
growth,4750
iraq,4751
halv,4752
simplifi,4753
fanci,4754
ric,4755
horticultur,4756
profound,4757
ill,4758
illustr,4759
count,4760
final,4761
oftel,4762
queen,4763
livestock,4764
mile,4765
warn,4766
phrase,4767
sold,4768
amelior,4769
male,4770
incapac,4771
sustain,4772
inevit,4773
nurs,4774
extent,4775
devic,4776
dale,4777
extract,4778
swiss,4779
becam,4780
trick,4781
milton,4782
prolong,4783
inher,4784
ft,4785
movement,4786
indemnifi,4787
project,4788
affirm,4789
medic,4790
brisker,4791
predecessor,4792
nudg,4793
thepresid,4794
pink,4795
jasper,4796
disregard,4797
chose,4798
globe,4799
psbr,4800
gloom,4801
la,4802
famou,4803
commod,4804
ricardian,4805
geoff,4806
tracker,4807
hover,4808
forbear,4809
passu,4810
anticip,4811
spice,4812
pari,4813
sincer,4814
notincreas,4815
auditor,4816
quadrant,4817
ball,4818
ago,4819
friday,4820
dimens,4821
macroprudenti,4822
summaris,4823
appropri,4824
conven,4825
compli,4826
relev,4827
terror,4828
tighten,4829
revolutionis,4830
npc,4831
uptick,4832
refund,4833
uncomfort,4834
moment,4835
phillip,4836
struggl,4837
countervail,4838
ribbon,4839
judgement,4840
societi,4841
expiri,4842
ved,4843
show,4844
brummer,4845
spread,4846
wonder,4847
spanish,4848
sprang,4849
brief,4850
pay,4851
leak,4852
politician,4853
tpi,4854
reacceler,4855
mi,4856
obsolet,4857
reporta,4858
hypothes,4859
york,4860
mistaken,4861
cd,4862
judici,4863
subscript,4864
ultra,4865
ipd,4866
stockbuild,4867
clash,4868
revitalis,4869
attenu,4870
chancellor,4871
merg,4872
incred,4873
bookshop,4874
speech,4875
fisher,4876
prescott,4877
contain,4878
iseith,4879
seat,4880
deflat,4881
involuntari,4882
thrown,4883
eat,4884
goldman,4885
unsurpris,4886
reportconsid,4887
exchang,4888
quicker,4889
freddi,4890
mccafferti,4891
cart,4892
supermarket,4893
joel,4894
hedg,4895
mouth,4896
sens,4897
datastream,4898
speedi,4899
brazil,4900
policyhold,4901
consequenti,4902
supervisori,4903
card,4904
present,4905
outsid,4906
retrain,4907
fast,4908
geometr,4909
resold,4910
truth,4911
passag,4912
concret,4913
enquiri,4914
prosper,4915
davi,4916
constel,4917
hefti,4918
paint,4919
depress,4920
perfect,4921
strike,4922
knock,4923
rtg,4924
edit,4925
mainten,4926
surviv,4927
role,4928
disconnect,4929
el,4930
cornerston,4931
juxtaposit,4932
atrophi,4933
relax,4934
newer,4935
will,4936
divis,4937
correl,4938
conveni,4939
household,4940
intensif,4941
environment,4942
questionnair,4943
unreli,4944
invari,4945
inspect,4946
korea,4947
scrappag,4948
possess,4949
spider,4950
mispric,4951
flation,4952
lose,4953
unfamiliar,4954
impair,4955
shortterm,4956
relatedli,4957
pictur,4958
memori,4959
tobacco,4960
loon,4961
apprenticeship,4962
safest,4963
sweep,4964
arm,4965
bluntli,4966
smoothli,4967
budget,4968
destock,4969
recent,4970
unpreced,4971
strategi,4972
theori,4973
weaker,4974
bodi,4975
vacanc,4976
bizarr,4977
onset,4978
david,4979
outcom,4980
oversea,4981
trace,4982
underli,4983
scott,4984
pagan,4985
stori,4986
itali,4987
sach,4988
harshli,4989
tltro,4990
travel,4991
harder,4992
fsa,4993
minor,4994
pare,4995
valuabl,4996
philosophi,4997
radic,4998
ds,4999
arguabl,5000
counterparti,5001
studio,5002
waltz,5003
issuer,5004
bush,5005
react,5006
team,5007
vane,5008
peripheri,5009
flander,5010
absenc,5011
stat,5012
zimbabw,5013
iva,5014
page,5015
ass,5016
home,5017
feed,5018
maastricht,5019
liber,5020
equival,5021
latter,5022
definit,5023
centralpath,5024
unabl,5025
apologis,5026
churn,5027
parti,5028
sluggish,5029
threaten,5030
pull,5031
purport,5032
restat,5033
gravel,5034
debtlin,5035
obstacl,5036
discuss,5037
acceler,5038
profession,5039
miss,5040
peculiar,5041
seem,5042
suppli,5043
ingredi,5044
exempt,5045
evas,5046
advis,5047
francin,5048
panel,5049
difficulti,5050
contractionari,5051
expect,5052
citat,5053
soon,5054
certif,5055
forti,5056
tabl,5057
eiu,5058
doctor,5059
medium,5060
revert,5061
tucker,5062
baker,5063
phone,5064
maker,5065
rejoin,5066
nobodi,5067
member,5068
owe,5069
imprud,5070
plateau,5071
admit,5072
shallowest,5073
side,5074
pointer,5075
inventori,5076
iosco,5077
liabil,5078
interpret,5079
medal,5080
wrong,5081
indebted,5082
passthrough,5083
men,5084
ethanol,5085
specialist,5086
cycl,5087
finish,5088
offic,5089
monopsoni,5090
proxim,5091
plasma,5092
gloomier,5093
formal,5094
feel,5095
reform,5096
avoid,5097
execut,5098
eu,5099
attend,5100
generalpric,5101
hank,5102
grip,5103
weather,5104
ambigu,5105
flowof,5106
petit,5107
hasten,5108
invit,5109
moodi,5110
children,5111
monopoli,5112
warmer,5113
untyp,5114
layer,5115
modest,5116
permit,5117
shout,5118
line,5119
pervad,5120
decent,5121
imagin,5122
recap,5123
habit,5124
thrust,5125
deploy,5126
night,5127
looser,5128
internet,5129
brighten,5130
array,5131
flat,5132
employ,5133
fraudul,5134
loath,5135
inadequaci,5136
bleak,5137
equiti,5138
strikingli,5139
pcp,5140
toppl,5141
qb,5142
ideal,5143
dri,5144
correspondingli,5145
pnfc,5146
layout,5147
whichev,5148
solvenc,5149
feedback,5150
round,5151
highli,5152
needl,5153
constrain,5154
cml,5155
beat,5156
forgo,5157
perhap,5158
yellow,5159
dave,5160
zero,5161
ukrain,5162
outdoor,5163
involuntarili,5164
coach,5165
loom,5166
sure,5167
forum,5168
infer,5169
commun,5170
eurostat,5171
indemn,5172
stick,5173
extinguish,5174
quintil,5175
expens,5176
retain,5177
diminut,5178
detail,5179
craft,5180
minima,5181
irrespect,5182
aspect,5183
intervent,5184
length,5185
greenspan,5186
wave,5187
vein,5188
contrari,5189
intersect,5190
overli,5191
retrench,5192
add,5193
demograph,5194
surveypoint,5195
devis,5196
middl,5197
efficaci,5198
unalloc,5199
rival,5200
atkinson,5201
wast,5202
class,5203
struck,5204
pacif,5205
ef,5206
tpr,5207
overhang,5208
hay,5209
seriou,5210
mayca,5211
branch,5212
hope,5213
approv,5214
thick,5215
gari,5216
cannot,5217
amplifi,5218
worsen,5219
parent,5220
opportun,5221
payrol,5222
lamb,5223
hugh,5224
sea,5225
reunif,5226
launch,5227
dilut,5228
experian,5229
ernst,5230
overdepend,5231
hold,5232
resign,5233
freeman,5234
special,5235
inject,5236
vix,5237
mew,5238
homebuild,5239
station,5240
welcom,5241
steadier,5242
diesel,5243
januari,5244
purchas,5245
roof,5246
nake,5247
dissuad,5248
sl,5249
arithmet,5250
lodg,5251
decor,5252
audit,5253
reportproject,5254
cognoscenti,5255
shiller,5256
god,5257
protract,5258
insolv,5259
stop,5260
stabilis,5261
town,5262
ran,5263
bond,5264
sweden,5265
hand,5266
urgent,5267
mayb,5268
rigour,5269
transform,5270
fundament,5271
lift,5272
elast,5273
shortcom,5274
disciplin,5275
inflict,5276
surveyor,5277
fiscal,5278
arisen,5279
wtc,5280
systemat,5281
pitch,5282
salari,5283
pithier,5284
cherri,5285
ten,5286
outweigh,5287
bcc,5288
honest,5289
wit,5290
space,5291
number,5292
serv,5293
spoken,5294
asean,5295
mirror,5296
workforc,5297
deal,5298
unab,5299
listen,5300
hsbc,5301
holman,5302
investor,5303
pertain,5304
unmortgag,5305
dealt,5306
bed,5307
cattl,5308
predominantli,5309
asia,5310
blame,5311
sr,5312
bumper,5313
heart,5314
rush,5315
adequ,5316
countercycl,5317
pan,5318
appear,5319
current,5320
unwav,5321
lender,5322
gateway,5323
handicap,5324
cake,5325
hedon,5326
dissip,5327
warehous,5328
overweight,5329
moneyfact,5330
predat,5331
hodrick,5332
abruptli,5333
inaugur,5334
ceo,5335
inadvert,5336
await,5337
narr,5338
rec,5339
till,5340
wholesal,5341
british,5342
unusu,5343
bilater,5344
loosen,5345
preoccup,5346
forecast,5347
default,5348
propon,5349
decimalis,5350
heighten,5351
quick,5352
undu,5353
cell,5354
fluctuat,5355
conflict,5356
locog,5357
wind,5358
remit,5359
builder,5360
sequenti,5361
event,5362
bbb,5363
splendid,5364
interf,5365
flight,5366
hesitantli,5367
bt,5368
echo,5369
portugues,5370
pressur,5371
internationalenergi,5372
lotteri,5373
emb,5374
complement,5375
prior,5376
dwindl,5377
etc,5378
invalu,5379
aim,5380
got,5381
focus,5382
whenev,5383
pharmaceut,5384
deleg,5385
follow,5386
profess,5387
pinch,5388
write,5389
broadcast,5390
decid,5391
reconsid,5392
volcano,5393
reminisc,5394
scarc,5395
triangl,5396
substitut,5397
read,5398
analog,5399
figur,5400
tee,5401
liquefi,5402
span,5403
cleanest,5404
biannual,5405
field,5406
task,5407
expend,5408
impedi,5409
forgotten,5410
seh,5411
jgb,5412
quarterlyindustri,5413
traine,5414
arbitrari,5415
repercuss,5416
convey,5417
vault,5418
fog,5419
exhaust,5420
luxuri,5421
discharg,5422
philippin,5423
analogu,5424
mild,5425
upcom,5426
footwear,5427
user,5428
viewpoint,5429
polic,5430
intrins,5431
banker,5432
haven,5433
cipd,5434
inoctob,5435
satisfact,5436
junior,5437
dictat,5438
libya,5439
measur,5440
violenc,5441
riskless,5442
topic,5443
savag,5444
stigmatis,5445
accordingli,5446
protect,5447
awash,5448
vire,5449
engrain,5450
midway,5451
varieti,5452
seventeen,5453
intra,5454
dental,5455
crucial,5456
beneficiari,5457
prick,5458
uncertainti,5459
milk,5460
mismeasur,5461
nearli,5462
rug,5463
teller,5464
respect,5465
overplay,5466
undermin,5467
hole,5468
neglig,5469
ultim,5470
aberr,5471
twofold,5472
consol,5473
cours,5474
recognis,5475
dichotomi,5476
intragroup,5477
stretch,5478
princip,5479
liabl,5480
drive,5481
continu,5482
departur,5483
cypru,5484
believ,5485
ordin,5486
unnecessarili,5487
manifest,5488
captur,5489
regard,5490
basic,5491
reporthighlight,5492
ore,5493
homebuy,5494
diversifi,5495
tradeabl,5496
lack,5497
buzzard,5498
profit,5499
unless,5500
help,5501
liter,5502
compliant,5503
etern,5504
centuri,5505
indirect,5506
messag,5507
evalu,5508
refocus,5509
kristin,5510
fallout,5511
fashion,5512
nlw,5513
chariti,5514
actuari,5515
choppi,5516
unidirect,5517
nave,5518
scandinavian,5519
unifi,5520
symmetr,5521
reuter,5522
tax,5523
uk,5524
give,5525
delic,5526
adher,5527
duncan,5528
department,5529
problemat,5530
fulli,5531
shelf,5532
stuck,5533
capac,5534
cg,5535
flag,5536
mfp,5537
remiss,5538
counti,5539
compulsori,5540
footfal,5541
bullion,5542
lessen,5543
breach,5544
sphere,5545
overhead,5546
benefit,5547
bold,5548
vertic,5549
reiter,5550
fisheri,5551
anymor,5552
prolifer,5553
overboard,5554
pend,5555
downgrad,5556
breakdown,5557
tempt,5558
focal,5559
ninth,5560
pure,5561
scheherazad,5562
forget,5563
inequ,5564
pleas,5565
larg,5566
ofc,5567
greec,5568
substanti,5569
strict,5570
abi,5571
highest,5572
immedi,5573
sick,5574
normalis,5575
yougov,5576
circl,5577
bund,5578
creation,5579
czech,5580
welfar,5581
issu,5582
evenli,5583
snuck,5584
year,5585
prescript,5586
plan,5587
stimul,5588
juliu,5589
plung,5590
reporti,5591
fastest,5592
nowcast,5593
thank,5594
coffe,5595
fillip,5596
export,5597
tradeoff,5598
drove,5599
tini,5600
introduct,5601
singl,5602
area,5603
pound,5604
market,5605
unwelcom,5606
gear,5607
style,5608
minut,5609
mandat,5610
roughli,5611
discourag,5612
horizon,5613
inextric,5614
alarm,5615
ident,5616
statist,5617
byu,5618
cognis,5619
isa,5620
prefer,5621
easter,5622
relianc,5623
corpor,5624
mortem,5625
creat,5626
indian,5627
conclus,5628
everywher,5629
spawn,5630
coldest,5631
bimod,5632
mae,5633
fallen,5634
jobseek,5635
upset,5636
els,5637
tharp,5638
sheer,5639
portray,5640
simplest,5641
flush,5642
predica,5643
tighter,5644
fca,5645
fright,5646
pioneer,5647
domin,5648
forecourt,5649
mayhem,5650
allot,5651
threadneedl,5652
postpon,5653
spike,5654
alaska,5655
cpi,5656
hung,5657
resid,5658
correspond,5659
edinburgh,5660
adequaci,5661
underperform,5662
aberdeen,5663
light,5664
chase,5665
denomin,5666
dear,5667
apolog,5668
punish,5669
allow,5670
email,5671
satellit,5672
east,5673
reconnect,5674
cup,5675
shutdown,5676
attack,5677
iea,5678
misunderstand,5679
doorstep,5680
renegoti,5681
peripher,5682
dynam,5683
vastli,5684
extrem,5685
sectori,5686
addit,5687
farm,5688
unforeseen,5689
egg,5690
orang,5691
oversight,5692
rental,5693
theoris,5694
hoard,5695
entrepreneur,5696
canada,5697
qe,5698
jen,5699
redesign,5700
sane,5701
decay,5702
smartli,5703
acred,5704
bother,5705
gyrat,5706
butyoudo,5707
anchor,5708
brand,5709
unwind,5710
disadvantag,5711
dissimilar,5712
publicli,5713
tanker,5714
reapprais,5715
held,5716
tocom,5717
embryon,5718
delay,5719
consumpt,5720
tmt,5721
bingley,5722
moribund,5723
reliabl,5724
sole,5725
brexit,5726
andjanuari,5727
process,5728
petrol,5729
visual,5730
presumptu,5731
eia,5732
withstand,5733
jobcentr,5734
spilt,5735
valv,5736
happen,5737
compar,5738
registri,5739
secret,5740
implicitli,5741
trichet,5742
psncr,5743
sought,5744
accept,5745
acccommod,5746
undoubtedli,5747
spur,5748
unstabl,5749
futil,5750
jump,5751
headi,5752
magazin,5753
fulsom,5754
car,5755
convert,5756
kingdom,5757
construct,5758
dgi,5759
raft,5760
poorli,5761
bhp,5762
bid,5763
opportunist,5764
crowdfund,5765
democraci,5766
abnorm,5767
inflationari,5768
forc,5769
preponder,5770
noth,5771
imf,5772
stockpil,5773
microcosm,5774
hide,5775
guid,5776
ga,5777
iod,5778
illuminatingli,5779
dwell,5780
di,5781
regrad,5782
behaviour,5783
misconstru,5784
frequenc,5785
policymak,5786
alloc,5787
easi,5788
famili,5789
lean,5790
timeli,5791
rigid,5792
reportedli,5793
thornton,5794
consult,5795
red,5796
governor,5797
accrual,5798
confound,5799
swedish,5800
debat,5801
asid,5802
mizen,5803
nervous,5804
audienc,5805
occas,5806
concurr,5807
loos,5808
pragmatist,5809
fitch,5810
appoint,5811
ctc,5812
somebodi,5813
social,5814
worri,5815
aerospac,5816
legitim,5817
unlimit,5818
pro,5819
shorten,5820
opin,5821
sweet,5822
exhibit,5823
lump,5824
abl,5825
mainland,5826
handi,5827
throw,5828
sequenc,5829
conveyanc,5830
drink,5831
strive,5832
toni,5833
unsettl,5834
efsr,5835
short,5836
perimet,5837
pass,5838
capita,5839
ttwa,5840
accus,5841
nikkei,5842
withdrew,5843
ifo,5844
deliv,5845
cri,5846
knockout,5847
comput,5848
recept,5849
deterior,5850
nationalis,5851
hard,5852
downbeat,5853
frog,5854
repap,5855
keep,5856
wound,5857
scatter,5858
larri,5859
draw,5860
simplif,5861
ve,5862
chat,5863
undistribut,5864
yesterday,5865
mainstream,5866
prepar,5867
yet,5868
preparatori,5869
concern,5870
slice,5871
edgbaston,5872
shale,5873
equalis,5874
unit,5875
tune,5876
base,5877
eastern,5878
cascad,5879
prompt,5880
entiti,5881
simul,5882
byhighli,5883
parliament,5884
ofleverag,5885
tricki,5886
occupi,5887
afraid,5888
riski,5889
relationship,5890
optimis,5891
minim,5892
bridg,5893
unhappi,5894
latin,5895
stimulatori,5896
scrap,5897
dispers,5898
macro,5899
eighti,5900
storabl,5901
scrambl,5902
percept,5903
accredit,5904
rehir,5905
cann,5906
deferr,5907
overcapac,5908
restraint,5909
appetit,5910
socal,5911
articul,5912
provoc,5913
manag,5914
optic,5915
cpih,5916
predictor,5917
paper,5918
entir,5919
bias,5920
assess,5921
toward,5922
common,5923
care,5924
vision,5925
veloc,5926
hotel,5927
chocol,5928
standard,5929
sound,5930
pym,5931
disrupt,5932
blockag,5933
file,5934
scope,5935
dun,5936
regularli,5937
visitor,5938
rpi,5939
larger,5940
tailwind,5941
caught,5942
pillar,5943
outsourc,5944
supersed,5945
ltv,5946
almost,5947
dubiou,5948
siv,5949
supplant,5950
negoti,5951
gener,5952
mixtur,5953
headlin,5954
weight,5955
criticis,5956
reportargu,5957
rich,5958
cleaner,5959
embargo,5960
